# tskpca                 ,tskhar                   ,tskvae                    ,tskenethar                ,tsklassohar               ,tskenetpca                ,tsklassopca               ,tskenetvae                ,tsklassovae               ,mskpca                    ,mskhar                    ,mskvae                    ,mskenethar                ,msklassohar               ,mskenetpca                ,msklassopca               ,mskenetvae                ,msklassovae               ,pmpca                     ,pmhar                     ,pmvae                     ,pmenethar                 ,pmlassohar                ,pmenetpca                 ,pmlassopca                ,pmenetvae                 ,pmlassovae                ,vae                       ,pca                       ,har                       ,enethar                   ,lassohar                  ,enetpca                   ,lassopca                  ,enetvae                   ,lassovae
0.000000000000000000e+00 ,8.886307888152219903e+01 ,4.286860843760936746e+01  ,-8.443624314226667593e+01 ,-8.443624314226667593e+01 ,-8.455291318650365895e+01 ,-8.455291318650365895e+01 ,-8.455291318650365895e+01 ,-8.455291318650365895e+01 ,1.317279851151631487e+00  ,8.839486166870270267e+01  ,5.479855463028652451e+01  ,-8.443624314226667593e+01 ,-8.443624314226667593e+01 ,-8.455291318650365895e+01 ,-8.455291318650365895e+01 ,-8.455291318650365895e+01 ,-8.455291318650365895e+01 ,5.725588093487033348e+00  ,8.835617923088850034e+01  ,-8.294602604589988459e+01 ,-8.443624314226667593e+01 ,-8.443624314226667593e+01 ,-8.455291318650365895e+01 ,-8.455291318650365895e+01 ,-8.455291318650365895e+01 ,-8.455291318650365895e+01 ,-2.996377903921800794e+02 ,-1.326280381204187897e+01 ,8.860336565339569859e+01  ,-8.443624314226667593e+01 ,-8.443624314226667593e+01 ,-3.576235073630564898e+01 ,-8.417275856946662316e+01 ,-8.455291399594904078e+01 ,-8.455291399594904078e+01
0.000000000000000000e+00 ,0.000000000000000000e+00 ,-4.129908971663735429e+02 ,-1.556079280621459247e+03 ,-1.556079280621459247e+03 ,-1.557126877555978353e+03 ,-1.557126877555978353e+03 ,-1.557126877555978353e+03 ,-1.557126877555978353e+03 ,-7.860861911387615919e+02 ,-4.204189001955427329e+00 ,-3.058702121425423002e+02 ,-1.556079280621459247e+03 ,-1.556079280621459247e+03 ,-1.557126877555978353e+03 ,-1.557126877555978353e+03 ,-1.557126877555978353e+03 ,-1.557126877555978353e+03 ,-7.465033639333020119e+02 ,-4.551524117313499040e+00 ,-1.542698409189279573e+03 ,-1.556079280621459247e+03 ,-1.556079280621459247e+03 ,-1.557126877555978353e+03 ,-1.557126877555978353e+03 ,-1.557126877555978353e+03 ,-1.557126877555978353e+03 ,-3.488404606091010010e+03 ,-9.170028377423095662e+02 ,-2.332002044044179101e+00 ,-1.556079280621459247e+03 ,-1.556079280621459247e+03 ,-1.119029472257424231e+03 ,-1.553713415136761796e+03 ,-1.557126884824103627e+03 ,-1.557126884824103627e+03
0.000000000000000000e+00 ,0.000000000000000000e+00 ,0.000000000000000000e+00  ,-2.228282002213303770e+02 ,-2.228282002213303770e+02 ,-2.230324137737161720e+02 ,-2.230324137737161720e+02 ,-2.230324137737161720e+02 ,-2.230324137737161720e+02 ,-7.272941801370511428e+01 ,7.968693215073562897e+01  ,2.088159568045703196e+01  ,-2.228282002213303770e+02 ,-2.228282002213303770e+02 ,-2.230324137737161720e+02 ,-2.230324137737161720e+02 ,-2.230324137737161720e+02 ,-2.230324137737161720e+02 ,-6.501333037470320164e+01 ,7.961922429913892074e+01  ,-2.202197969326770703e+02 ,-2.228282002213303770e+02 ,-2.228282002213303770e+02 ,-2.230324137737161720e+02 ,-2.230324137737161720e+02 ,-2.230324137737161720e+02 ,-2.230324137737161720e+02 ,-5.995064875249074703e+02 ,-9.824968500610150102e+01 ,8.005188735135473621e+01  ,-2.228282002213303770e+02 ,-2.228282002213303770e+02 ,-1.376317940515166072e+02 ,-2.223670096821285824e+02 ,-2.230324151905298038e+02 ,-2.230324151905298038e+02
0.000000000000000000e+00 ,0.000000000000000000e+00 ,0.000000000000000000e+00  ,0.000000000000000000e+00  ,0.000000000000000000e+00  ,-6.325765600581068071e-02 ,-6.325765600581068071e-02 ,-6.325765600581068071e-02 ,-6.325765600581068071e-02 ,4.649494130460654162e+01  ,9.370777774824573214e+01  ,7.549210252843477065e+01  ,0.000000000000000000e+00  ,0.000000000000000000e+00  ,-6.325765600581068071e-02 ,-6.325765600581068071e-02 ,-6.325765600581068071e-02 ,-6.325765600581068071e-02 ,4.888509421990693227e+01  ,9.368680440962467060e+01  ,8.079849551138940100e-01  ,0.000000000000000000e+00  ,0.000000000000000000e+00  ,-6.325765600581068071e-02 ,-6.325765600581068071e-02 ,-6.325765600581068071e-02 ,-6.325765600581068071e-02 ,-1.166807258614108775e+02 ,3.858972516335874303e+01  ,9.382082710402347914e+01  ,0.000000000000000000e+00  ,0.000000000000000000e+00  ,2.639063319480865388e+01  ,1.428594338677924291e-01  ,-6.325809488125777591e-02 ,-6.325809488125777591e-02
0.000000000000000000e+00 ,0.000000000000000000e+00 ,0.000000000000000000e+00  ,0.000000000000000000e+00  ,0.000000000000000000e+00  ,-6.325765600581068071e-02 ,-6.325765600581068071e-02 ,-6.325765600581068071e-02 ,-6.325765600581068071e-02 ,4.649494130460654162e+01  ,9.370777774824573214e+01  ,7.549210252843477065e+01  ,0.000000000000000000e+00  ,0.000000000000000000e+00  ,-6.325765600581068071e-02 ,-6.325765600581068071e-02 ,-6.325765600581068071e-02 ,-6.325765600581068071e-02 ,4.888509421990693227e+01  ,9.368680440962467060e+01  ,8.079849551138940100e-01  ,0.000000000000000000e+00  ,0.000000000000000000e+00  ,-6.325765600581068071e-02 ,-6.325765600581068071e-02 ,-6.325765600581068071e-02 ,-6.325765600581068071e-02 ,-1.166807258614108775e+02 ,3.858972516335874303e+01  ,9.382082710402347914e+01  ,0.000000000000000000e+00  ,0.000000000000000000e+00  ,2.639063319480865388e+01  ,1.428594338677924291e-01  ,-6.325809488125777591e-02 ,-6.325809488125777591e-02
0.000000000000000000e+00 ,0.000000000000000000e+00 ,0.000000000000000000e+00  ,0.000000000000000000e+00  ,0.000000000000000000e+00  ,0.000000000000000000e+00  ,0.000000000000000000e+00  ,0.000000000000000000e+00  ,0.000000000000000000e+00  ,4.635017384904492133e+01  ,9.371175554429233046e+01  ,7.550759584920004386e+01  ,6.321766599213241022e-02  ,6.321766599213241022e-02  ,0.000000000000000000e+00  ,0.000000000000000000e+00  ,0.000000000000000000e+00  ,0.000000000000000000e+00  ,4.891740787031518778e+01  ,9.369079546452641694e+01  ,8.706918318758249953e-01  ,6.321766599213241022e-02  ,6.321766599213241022e-02  ,0.000000000000000000e+00  ,0.000000000000000000e+00  ,0.000000000000000000e+00  ,0.000000000000000000e+00  ,-1.165437453638665204e+02 ,3.862854730578981588e+01  ,9.382473343290594414e+01  ,6.321766599213241022e-02  ,6.321766599213241022e-02  ,2.643716731845448109e+01  ,2.059867874601772897e-01  ,-4.385980023613456069e-07 ,-4.385980023613456069e-07
0.000000000000000000e+00 ,0.000000000000000000e+00 ,0.000000000000000000e+00  ,0.000000000000000000e+00  ,0.000000000000000000e+00  ,0.000000000000000000e+00  ,0.000000000000000000e+00  ,0.000000000000000000e+00  ,0.000000000000000000e+00  ,4.635017384904492133e+01  ,9.371175554429233046e+01  ,7.550759584920004386e+01  ,6.321766599213241022e-02  ,6.321766599213241022e-02  ,0.000000000000000000e+00  ,0.000000000000000000e+00  ,0.000000000000000000e+00  ,0.000000000000000000e+00  ,4.891740787031518778e+01  ,9.369079546452641694e+01  ,8.706918318758249953e-01  ,6.321766599213241022e-02  ,6.321766599213241022e-02  ,0.000000000000000000e+00  ,0.000000000000000000e+00  ,0.000000000000000000e+00  ,0.000000000000000000e+00  ,-1.165437453638665204e+02 ,3.862854730578981588e+01  ,9.382473343290594414e+01  ,6.321766599213241022e-02  ,6.321766599213241022e-02  ,2.643716731845448109e+01  ,2.059867874601772897e-01  ,-4.385980023613456069e-07 ,-4.385980023613456069e-07
0.000000000000000000e+00 ,0.000000000000000000e+00 ,0.000000000000000000e+00  ,0.000000000000000000e+00  ,0.000000000000000000e+00  ,0.000000000000000000e+00  ,0.000000000000000000e+00  ,0.000000000000000000e+00  ,0.000000000000000000e+00  ,4.635017384904492133e+01  ,9.371175554429233046e+01  ,7.550759584920004386e+01  ,6.321766599213241022e-02  ,6.321766599213241022e-02  ,0.000000000000000000e+00  ,0.000000000000000000e+00  ,0.000000000000000000e+00  ,0.000000000000000000e+00  ,4.891740787031518778e+01  ,9.369079546452641694e+01  ,8.706918318758249953e-01  ,6.321766599213241022e-02  ,6.321766599213241022e-02  ,0.000000000000000000e+00  ,0.000000000000000000e+00  ,0.000000000000000000e+00  ,0.000000000000000000e+00  ,-1.165437453638665204e+02 ,3.862854730578981588e+01  ,9.382473343290594414e+01  ,6.321766599213241022e-02  ,6.321766599213241022e-02  ,2.643716731845448109e+01  ,2.059867874601772897e-01  ,-4.385980023613456069e-07 ,-4.385980023613456069e-07
0.000000000000000000e+00 ,0.000000000000000000e+00 ,0.000000000000000000e+00  ,0.000000000000000000e+00  ,0.000000000000000000e+00  ,0.000000000000000000e+00  ,0.000000000000000000e+00  ,0.000000000000000000e+00  ,0.000000000000000000e+00  ,4.635017384904492133e+01  ,9.371175554429233046e+01  ,7.550759584920004386e+01  ,6.321766599213241022e-02  ,6.321766599213241022e-02  ,0.000000000000000000e+00  ,0.000000000000000000e+00  ,0.000000000000000000e+00  ,0.000000000000000000e+00  ,4.891740787031518778e+01  ,9.369079546452641694e+01  ,8.706918318758249953e-01  ,6.321766599213241022e-02  ,6.321766599213241022e-02  ,0.000000000000000000e+00  ,0.000000000000000000e+00  ,0.000000000000000000e+00  ,0.000000000000000000e+00  ,-1.165437453638665204e+02 ,3.862854730578981588e+01  ,9.382473343290594414e+01  ,6.321766599213241022e-02  ,6.321766599213241022e-02  ,2.643716731845448109e+01  ,2.059867874601772897e-01  ,-4.385980023613456069e-07 ,-4.385980023613456069e-07
0.000000000000000000e+00 ,0.000000000000000000e+00 ,0.000000000000000000e+00  ,0.000000000000000000e+00  ,0.000000000000000000e+00  ,0.000000000000000000e+00  ,0.000000000000000000e+00  ,0.000000000000000000e+00  ,0.000000000000000000e+00  ,0.000000000000000000e+00  ,8.823994888487806065e+01  ,5.419517692506475015e+01  ,-8.689821567957565662e+01 ,-8.689821567957565662e+01 ,-8.701644310993124520e+01 ,-8.701644310993124520e+01 ,-8.701644310993124520e+01 ,-8.701644310993124520e+01 ,4.467153150709779474e+00  ,8.820075008922685811e+01  ,-8.538810621550835833e+01 ,-8.689821567957565662e+01 ,-8.689821567957565662e+01 ,-8.701644310993124520e+01 ,-8.701644310993124520e+01 ,-8.701644310993124520e+01 ,-8.701644310993124520e+01 ,-3.049724103565297924e+02 ,-1.477470791360593338e+01 ,8.845123611366392424e+01  ,-8.689821567957565662e+01 ,-8.689821567957565662e+01 ,-3.757459313193647432e+01 ,-8.663121394674679721e+01 ,-8.701644393018159462e+01 ,-8.701644393018159462e+01
0.000000000000000000e+00 ,0.000000000000000000e+00 ,0.000000000000000000e+00  ,0.000000000000000000e+00  ,0.000000000000000000e+00  ,0.000000000000000000e+00  ,0.000000000000000000e+00  ,0.000000000000000000e+00  ,0.000000000000000000e+00  ,0.000000000000000000e+00  ,0.000000000000000000e+00  ,-2.894951019050932928e+02 ,-1.489263633720504686e+03 ,-1.489263633720504686e+03 ,-1.490268964642949186e+03 ,-1.490268964642949186e+03 ,-1.490268964642949186e+03 ,-1.490268964642949186e+03 ,-7.123506089735194564e+02 ,-3.333216434816765883e-01 ,-1.476422622662946878e+03 ,-1.489263633720504686e+03 ,-1.489263633720504686e+03 ,-1.490268964642949186e+03 ,-1.490268964642949186e+03 ,-1.490268964642949186e+03 ,-1.490268964642949186e+03 ,-3.343627977397024097e+03 ,-8.759711653465535619e+02 ,1.796652299530987484e+00  ,-1.489263633720504686e+03 ,-1.489263633720504686e+03 ,-1.069846897646838897e+03 ,-1.486993220690704902e+03 ,-1.490268971617836769e+03 ,-1.490268971617836769e+03
0.000000000000000000e+00 ,0.000000000000000000e+00 ,0.000000000000000000e+00  ,0.000000000000000000e+00  ,0.000000000000000000e+00  ,0.000000000000000000e+00  ,0.000000000000000000e+00  ,0.000000000000000000e+00  ,0.000000000000000000e+00  ,0.000000000000000000e+00  ,0.000000000000000000e+00  ,0.000000000000000000e+00  ,-3.080317379980183432e+02 ,-3.080317379980183432e+02 ,-3.082898493112356277e+02 ,-3.082898493112356277e+02 ,-3.082898493112356277e+02 ,-3.082898493112356277e+02 ,-1.085650384305632485e+02 ,7.424015830937727856e+01  ,-3.047349029429045686e+02 ,-3.080317379980183432e+02 ,-3.080317379980183432e+02 ,-3.082898493112356277e+02 ,-3.082898493112356277e+02 ,-3.082898493112356277e+02 ,-3.082898493112356277e+02 ,-7.841261316390364300e+02 ,-1.505734117253070394e+02 ,7.478701343864450735e+01  ,-3.080317379980183432e+02 ,-3.080317379980183432e+02 ,-2.003495787045586098e+02 ,-3.074488261671133955e+02 ,-3.082898511019867556e+02 ,-3.082898511019867556e+02
0.000000000000000000e+00 ,0.000000000000000000e+00 ,0.000000000000000000e+00  ,0.000000000000000000e+00  ,0.000000000000000000e+00  ,0.000000000000000000e+00  ,0.000000000000000000e+00  ,0.000000000000000000e+00  ,0.000000000000000000e+00  ,0.000000000000000000e+00  ,0.000000000000000000e+00  ,0.000000000000000000e+00  ,0.000000000000000000e+00  ,0.000000000000000000e+00  ,-6.325765600581068071e-02 ,-6.325765600581068071e-02 ,-6.325765600581068071e-02 ,-6.325765600581068071e-02 ,4.888509421990693227e+01  ,9.368680440962467060e+01  ,8.079849551138940100e-01  ,0.000000000000000000e+00  ,0.000000000000000000e+00  ,-6.325765600581068071e-02 ,-6.325765600581068071e-02 ,-6.325765600581068071e-02 ,-6.325765600581068071e-02 ,-1.166807258614108775e+02 ,3.858972516335874303e+01  ,9.382082710402347914e+01  ,0.000000000000000000e+00  ,0.000000000000000000e+00  ,2.639063319480865388e+01  ,1.428594338677924291e-01  ,-6.325809488125777591e-02 ,-6.325809488125777591e-02
0.000000000000000000e+00 ,0.000000000000000000e+00 ,0.000000000000000000e+00  ,0.000000000000000000e+00  ,0.000000000000000000e+00  ,0.000000000000000000e+00  ,0.000000000000000000e+00  ,0.000000000000000000e+00  ,0.000000000000000000e+00  ,0.000000000000000000e+00  ,0.000000000000000000e+00  ,0.000000000000000000e+00  ,0.000000000000000000e+00  ,0.000000000000000000e+00  ,-6.325765600581068071e-02 ,-6.325765600581068071e-02 ,-6.325765600581068071e-02 ,-6.325765600581068071e-02 ,4.888509421990693227e+01  ,9.368680440962467060e+01  ,8.079849551138940100e-01  ,0.000000000000000000e+00  ,0.000000000000000000e+00  ,-6.325765600581068071e-02 ,-6.325765600581068071e-02 ,-6.325765600581068071e-02 ,-6.325765600581068071e-02 ,-1.166807258614108775e+02 ,3.858972516335874303e+01  ,9.382082710402347914e+01  ,0.000000000000000000e+00  ,0.000000000000000000e+00  ,2.639063319480865388e+01  ,1.428594338677924291e-01  ,-6.325809488125777591e-02 ,-6.325809488125777591e-02
0.000000000000000000e+00 ,0.000000000000000000e+00 ,0.000000000000000000e+00  ,0.000000000000000000e+00  ,0.000000000000000000e+00  ,0.000000000000000000e+00  ,0.000000000000000000e+00  ,0.000000000000000000e+00  ,0.000000000000000000e+00  ,0.000000000000000000e+00  ,0.000000000000000000e+00  ,0.000000000000000000e+00  ,0.000000000000000000e+00  ,0.000000000000000000e+00  ,0.000000000000000000e+00  ,0.000000000000000000e+00  ,0.000000000000000000e+00  ,0.000000000000000000e+00  ,4.884818820717718069e+01  ,9.369079546452641694e+01  ,8.706918318758249953e-01  ,6.321766599213241022e-02  ,6.321766599213241022e-02  ,0.000000000000000000e+00  ,0.000000000000000000e+00  ,0.000000000000000000e+00  ,0.000000000000000000e+00  ,-1.165437453638665204e+02 ,3.862854730578981588e+01  ,9.382473343290594414e+01  ,6.321766599213241022e-02  ,6.321766599213241022e-02  ,2.643716731845448109e+01  ,2.059867874601772897e-01  ,-4.385980023613456069e-07 ,-4.385980023613456069e-07
0.000000000000000000e+00 ,0.000000000000000000e+00 ,0.000000000000000000e+00  ,0.000000000000000000e+00  ,0.000000000000000000e+00  ,0.000000000000000000e+00  ,0.000000000000000000e+00  ,0.000000000000000000e+00  ,0.000000000000000000e+00  ,0.000000000000000000e+00  ,0.000000000000000000e+00  ,0.000000000000000000e+00  ,0.000000000000000000e+00  ,0.000000000000000000e+00  ,0.000000000000000000e+00  ,0.000000000000000000e+00  ,0.000000000000000000e+00  ,0.000000000000000000e+00  ,4.884818820717718069e+01  ,9.369079546452641694e+01  ,8.706918318758249953e-01  ,6.321766599213241022e-02  ,6.321766599213241022e-02  ,0.000000000000000000e+00  ,0.000000000000000000e+00  ,0.000000000000000000e+00  ,0.000000000000000000e+00  ,-1.165437453638665204e+02 ,3.862854730578981588e+01  ,9.382473343290594414e+01  ,6.321766599213241022e-02  ,6.321766599213241022e-02  ,2.643716731845448109e+01  ,2.059867874601772897e-01  ,-4.385980023613456069e-07 ,-4.385980023613456069e-07
0.000000000000000000e+00 ,0.000000000000000000e+00 ,0.000000000000000000e+00  ,0.000000000000000000e+00  ,0.000000000000000000e+00  ,0.000000000000000000e+00  ,0.000000000000000000e+00  ,0.000000000000000000e+00  ,0.000000000000000000e+00  ,0.000000000000000000e+00  ,0.000000000000000000e+00  ,0.000000000000000000e+00  ,0.000000000000000000e+00  ,0.000000000000000000e+00  ,0.000000000000000000e+00  ,0.000000000000000000e+00  ,0.000000000000000000e+00  ,0.000000000000000000e+00  ,4.884818820717718069e+01  ,9.369079546452641694e+01  ,8.706918318758249953e-01  ,6.321766599213241022e-02  ,6.321766599213241022e-02  ,0.000000000000000000e+00  ,0.000000000000000000e+00  ,0.000000000000000000e+00  ,0.000000000000000000e+00  ,-1.165437453638665204e+02 ,3.862854730578981588e+01  ,9.382473343290594414e+01  ,6.321766599213241022e-02  ,6.321766599213241022e-02  ,2.643716731845448109e+01  ,2.059867874601772897e-01  ,-4.385980023613456069e-07 ,-4.385980023613456069e-07
0.000000000000000000e+00 ,0.000000000000000000e+00 ,0.000000000000000000e+00  ,0.000000000000000000e+00  ,0.000000000000000000e+00  ,0.000000000000000000e+00  ,0.000000000000000000e+00  ,0.000000000000000000e+00  ,0.000000000000000000e+00  ,0.000000000000000000e+00  ,0.000000000000000000e+00  ,0.000000000000000000e+00  ,0.000000000000000000e+00  ,0.000000000000000000e+00  ,0.000000000000000000e+00  ,0.000000000000000000e+00  ,0.000000000000000000e+00  ,0.000000000000000000e+00  ,4.884818820717718069e+01  ,9.369079546452641694e+01  ,8.706918318758249953e-01  ,6.321766599213241022e-02  ,6.321766599213241022e-02  ,0.000000000000000000e+00  ,0.000000000000000000e+00  ,0.000000000000000000e+00  ,0.000000000000000000e+00  ,-1.165437453638665204e+02 ,3.862854730578981588e+01  ,9.382473343290594414e+01  ,6.321766599213241022e-02  ,6.321766599213241022e-02  ,2.643716731845448109e+01  ,2.059867874601772897e-01  ,-4.385980023613456069e-07 ,-4.385980023613456069e-07
0.000000000000000000e+00 ,0.000000000000000000e+00 ,0.000000000000000000e+00  ,0.000000000000000000e+00  ,0.000000000000000000e+00  ,0.000000000000000000e+00  ,0.000000000000000000e+00  ,0.000000000000000000e+00  ,0.000000000000000000e+00  ,0.000000000000000000e+00  ,0.000000000000000000e+00  ,0.000000000000000000e+00  ,0.000000000000000000e+00  ,0.000000000000000000e+00  ,0.000000000000000000e+00  ,0.000000000000000000e+00  ,0.000000000000000000e+00  ,0.000000000000000000e+00  ,0.000000000000000000e+00  ,8.764901256487489434e+01  ,-9.405692631349209876e+01 ,-9.563764908463443248e+01 ,-9.563764908463443248e+01 ,-9.576140487571025517e+01 ,-9.576140487571025517e+01 ,-9.576140487571025517e+01 ,-9.576140487571025517e+01 ,-3.239090780947857411e+02 ,-2.014161798681779558e+01 ,8.791121141343660383e+01  ,-9.563764908463443248e+01 ,-9.563764908463443248e+01 ,-4.400763472376163321e+01 ,-9.535816224671987129e+01 ,-9.576140573431585779e+01 ,-9.576140573431585779e+01
0.000000000000000000e+00 ,0.000000000000000000e+00 ,0.000000000000000000e+00  ,0.000000000000000000e+00  ,0.000000000000000000e+00  ,0.000000000000000000e+00  ,0.000000000000000000e+00  ,0.000000000000000000e+00  ,0.000000000000000000e+00  ,0.000000000000000000e+00  ,0.000000000000000000e+00  ,0.000000000000000000e+00  ,0.000000000000000000e+00  ,0.000000000000000000e+00  ,0.000000000000000000e+00  ,0.000000000000000000e+00  ,0.000000000000000000e+00  ,0.000000000000000000e+00  ,0.000000000000000000e+00  ,0.000000000000000000e+00  ,-1.471185521261332269e+03 ,-1.483983872643723998e+03 ,-1.483983872643723998e+03 ,-1.484985863713068511e+03 ,-1.484985863713068511e+03 ,-1.484985863713068511e+03 ,-1.484985863713068511e+03 ,-3.332187752772107160e+03 ,-8.727288495585844430e+02 ,2.122897864959749636e+00  ,-1.483983872643723998e+03 ,-1.483983872643723998e+03 ,-1.065960498949393468e+03 ,-1.481721002250707897e+03 ,-1.484985870664784670e+03 ,-1.484985870664784670e+03
0.000000000000000000e+00 ,0.000000000000000000e+00 ,0.000000000000000000e+00  ,0.000000000000000000e+00  ,0.000000000000000000e+00  ,0.000000000000000000e+00  ,0.000000000000000000e+00  ,0.000000000000000000e+00  ,0.000000000000000000e+00  ,0.000000000000000000e+00  ,0.000000000000000000e+00  ,0.000000000000000000e+00  ,0.000000000000000000e+00  ,0.000000000000000000e+00  ,0.000000000000000000e+00  ,0.000000000000000000e+00  ,0.000000000000000000e+00  ,0.000000000000000000e+00  ,0.000000000000000000e+00  ,0.000000000000000000e+00  ,0.000000000000000000e+00  ,-8.145665301267035474e-01 ,-8.145665301267035474e-01 ,-8.783394618260942366e-01 ,-8.783394618260942366e-01 ,-8.783394618260942366e-01 ,-8.783394618260942366e-01 ,-1.184457345315135655e+02 ,3.808949761848063531e+01  ,9.377049362977419378e+01  ,-8.145665301267035474e-01 ,-8.145665301267035474e-01 ,2.579103592977537573e+01  ,-6.705434111255126339e-01 ,-8.783399042764594711e-01 ,-8.783399042764594711e-01
0.000000000000000000e+00 ,0.000000000000000000e+00 ,0.000000000000000000e+00  ,0.000000000000000000e+00  ,0.000000000000000000e+00  ,0.000000000000000000e+00  ,0.000000000000000000e+00  ,0.000000000000000000e+00  ,0.000000000000000000e+00  ,0.000000000000000000e+00  ,0.000000000000000000e+00  ,0.000000000000000000e+00  ,0.000000000000000000e+00  ,0.000000000000000000e+00  ,0.000000000000000000e+00  ,0.000000000000000000e+00  ,0.000000000000000000e+00  ,0.000000000000000000e+00  ,0.000000000000000000e+00  ,0.000000000000000000e+00  ,0.000000000000000000e+00  ,0.000000000000000000e+00  ,0.000000000000000000e+00  ,-6.325765600581068071e-02 ,-6.325765600581068071e-02 ,-6.325765600581068071e-02 ,-6.325765600581068071e-02 ,-1.166807258614108775e+02 ,3.858972516335874303e+01  ,9.382082710402347914e+01  ,0.000000000000000000e+00  ,0.000000000000000000e+00  ,2.639063319480865388e+01  ,1.428594338677924291e-01  ,-6.325809488125777591e-02 ,-6.325809488125777591e-02
0.000000000000000000e+00 ,0.000000000000000000e+00 ,0.000000000000000000e+00  ,0.000000000000000000e+00  ,0.000000000000000000e+00  ,0.000000000000000000e+00  ,0.000000000000000000e+00  ,0.000000000000000000e+00  ,0.000000000000000000e+00  ,0.000000000000000000e+00  ,0.000000000000000000e+00  ,0.000000000000000000e+00  ,0.000000000000000000e+00  ,0.000000000000000000e+00  ,0.000000000000000000e+00  ,0.000000000000000000e+00  ,0.000000000000000000e+00  ,0.000000000000000000e+00  ,0.000000000000000000e+00  ,0.000000000000000000e+00  ,0.000000000000000000e+00  ,0.000000000000000000e+00  ,0.000000000000000000e+00  ,-6.325765600581068071e-02 ,-6.325765600581068071e-02 ,-6.325765600581068071e-02 ,-6.325765600581068071e-02 ,-1.166807258614108775e+02 ,3.858972516335874303e+01  ,9.382082710402347914e+01  ,0.000000000000000000e+00  ,0.000000000000000000e+00  ,2.639063319480865388e+01  ,1.428594338677924291e-01  ,-6.325809488125777591e-02 ,-6.325809488125777591e-02
0.000000000000000000e+00 ,0.000000000000000000e+00 ,0.000000000000000000e+00  ,0.000000000000000000e+00  ,0.000000000000000000e+00  ,0.000000000000000000e+00  ,0.000000000000000000e+00  ,0.000000000000000000e+00  ,0.000000000000000000e+00  ,0.000000000000000000e+00  ,0.000000000000000000e+00  ,0.000000000000000000e+00  ,0.000000000000000000e+00  ,0.000000000000000000e+00  ,0.000000000000000000e+00  ,0.000000000000000000e+00  ,0.000000000000000000e+00  ,0.000000000000000000e+00  ,0.000000000000000000e+00  ,0.000000000000000000e+00  ,0.000000000000000000e+00  ,0.000000000000000000e+00  ,0.000000000000000000e+00  ,0.000000000000000000e+00  ,0.000000000000000000e+00  ,0.000000000000000000e+00  ,0.000000000000000000e+00  ,-1.173791104360109472e+02 ,3.858668366349812118e+01  ,9.382473343290594414e+01  ,6.321766599213241022e-02  ,6.321766599213241022e-02  ,2.643716731845448109e+01  ,2.059867874601772897e-01  ,-4.385980023613456069e-07 ,-4.385980023613456069e-07
0.000000000000000000e+00 ,0.000000000000000000e+00 ,0.000000000000000000e+00  ,0.000000000000000000e+00  ,0.000000000000000000e+00  ,0.000000000000000000e+00  ,0.000000000000000000e+00  ,0.000000000000000000e+00  ,0.000000000000000000e+00  ,0.000000000000000000e+00  ,0.000000000000000000e+00  ,0.000000000000000000e+00  ,0.000000000000000000e+00  ,0.000000000000000000e+00  ,0.000000000000000000e+00  ,0.000000000000000000e+00  ,0.000000000000000000e+00  ,0.000000000000000000e+00  ,0.000000000000000000e+00  ,0.000000000000000000e+00  ,0.000000000000000000e+00  ,0.000000000000000000e+00  ,0.000000000000000000e+00  ,0.000000000000000000e+00  ,0.000000000000000000e+00  ,0.000000000000000000e+00  ,0.000000000000000000e+00  ,-1.173791104360109472e+02 ,3.858668366349812118e+01  ,9.382473343290594414e+01  ,6.321766599213241022e-02  ,6.321766599213241022e-02  ,2.643716731845448109e+01  ,2.059867874601772897e-01  ,-4.385980023613456069e-07 ,-4.385980023613456069e-07
0.000000000000000000e+00 ,0.000000000000000000e+00 ,0.000000000000000000e+00  ,0.000000000000000000e+00  ,0.000000000000000000e+00  ,0.000000000000000000e+00  ,0.000000000000000000e+00  ,0.000000000000000000e+00  ,0.000000000000000000e+00  ,0.000000000000000000e+00  ,0.000000000000000000e+00  ,0.000000000000000000e+00  ,0.000000000000000000e+00  ,0.000000000000000000e+00  ,0.000000000000000000e+00  ,0.000000000000000000e+00  ,0.000000000000000000e+00  ,0.000000000000000000e+00  ,0.000000000000000000e+00  ,0.000000000000000000e+00  ,0.000000000000000000e+00  ,0.000000000000000000e+00  ,0.000000000000000000e+00  ,0.000000000000000000e+00  ,0.000000000000000000e+00  ,0.000000000000000000e+00  ,0.000000000000000000e+00  ,-1.173791104360109472e+02 ,3.858668366349812118e+01  ,9.382473343290594414e+01  ,6.321766599213241022e-02  ,6.321766599213241022e-02  ,2.643716731845448109e+01  ,2.059867874601772897e-01  ,-4.385980023613456069e-07 ,-4.385980023613456069e-07
0.000000000000000000e+00 ,0.000000000000000000e+00 ,0.000000000000000000e+00  ,0.000000000000000000e+00  ,0.000000000000000000e+00  ,0.000000000000000000e+00  ,0.000000000000000000e+00  ,0.000000000000000000e+00  ,0.000000000000000000e+00  ,0.000000000000000000e+00  ,0.000000000000000000e+00  ,0.000000000000000000e+00  ,0.000000000000000000e+00  ,0.000000000000000000e+00  ,0.000000000000000000e+00  ,0.000000000000000000e+00  ,0.000000000000000000e+00  ,0.000000000000000000e+00  ,0.000000000000000000e+00  ,0.000000000000000000e+00  ,0.000000000000000000e+00  ,0.000000000000000000e+00  ,0.000000000000000000e+00  ,0.000000000000000000e+00  ,0.000000000000000000e+00  ,0.000000000000000000e+00  ,0.000000000000000000e+00  ,-1.173791104360109472e+02 ,3.858668366349812118e+01  ,9.382473343290594414e+01  ,6.321766599213241022e-02  ,6.321766599213241022e-02  ,2.643716731845448109e+01  ,2.059867874601772897e-01  ,-4.385980023613456069e-07 ,-4.385980023613456069e-07
0.000000000000000000e+00 ,0.000000000000000000e+00 ,0.000000000000000000e+00  ,0.000000000000000000e+00  ,0.000000000000000000e+00  ,0.000000000000000000e+00  ,0.000000000000000000e+00  ,0.000000000000000000e+00  ,0.000000000000000000e+00  ,0.000000000000000000e+00  ,0.000000000000000000e+00  ,0.000000000000000000e+00  ,0.000000000000000000e+00  ,0.000000000000000000e+00  ,0.000000000000000000e+00  ,0.000000000000000000e+00  ,0.000000000000000000e+00  ,0.000000000000000000e+00  ,0.000000000000000000e+00  ,0.000000000000000000e+00  ,0.000000000000000000e+00  ,0.000000000000000000e+00  ,0.000000000000000000e+00  ,0.000000000000000000e+00  ,0.000000000000000000e+00  ,0.000000000000000000e+00  ,0.000000000000000000e+00  ,0.000000000000000000e+00  ,7.174828979043969923e+01  ,9.714825909346052413e+01  ,5.384914850988635493e+01  ,5.384914850988635493e+01  ,6.602865044292313712e+01  ,5.391507935505030247e+01  ,5.381995436046223347e+01  ,5.381995436046223347e+01
0.000000000000000000e+00 ,0.000000000000000000e+00 ,0.000000000000000000e+00  ,0.000000000000000000e+00  ,0.000000000000000000e+00  ,0.000000000000000000e+00  ,0.000000000000000000e+00  ,0.000000000000000000e+00  ,0.000000000000000000e+00  ,0.000000000000000000e+00  ,0.000000000000000000e+00  ,0.000000000000000000e+00  ,0.000000000000000000e+00  ,0.000000000000000000e+00  ,0.000000000000000000e+00  ,0.000000000000000000e+00  ,0.000000000000000000e+00  ,0.000000000000000000e+00  ,0.000000000000000000e+00  ,0.000000000000000000e+00  ,0.000000000000000000e+00  ,0.000000000000000000e+00  ,0.000000000000000000e+00  ,0.000000000000000000e+00  ,0.000000000000000000e+00  ,0.000000000000000000e+00  ,0.000000000000000000e+00  ,0.000000000000000000e+00  ,0.000000000000000000e+00  ,8.993788431591640631e+01  ,-6.283919957370662956e+01 ,-6.283919957370662956e+01 ,-1.986490371684728018e+01 ,-6.260656841508078685e+01 ,-6.294220854907683815e+01 ,-6.294220854907683815e+01
0.000000000000000000e+00 ,0.000000000000000000e+00 ,0.000000000000000000e+00  ,0.000000000000000000e+00  ,0.000000000000000000e+00  ,0.000000000000000000e+00  ,0.000000000000000000e+00  ,0.000000000000000000e+00  ,0.000000000000000000e+00  ,0.000000000000000000e+00  ,0.000000000000000000e+00  ,0.000000000000000000e+00  ,0.000000000000000000e+00  ,0.000000000000000000e+00  ,0.000000000000000000e+00  ,0.000000000000000000e+00  ,0.000000000000000000e+00  ,0.000000000000000000e+00  ,0.000000000000000000e+00  ,0.000000000000000000e+00  ,0.000000000000000000e+00  ,0.000000000000000000e+00  ,0.000000000000000000e+00  ,0.000000000000000000e+00  ,0.000000000000000000e+00  ,0.000000000000000000e+00  ,0.000000000000000000e+00  ,0.000000000000000000e+00  ,0.000000000000000000e+00  ,0.000000000000000000e+00  ,-1.518339568797525317e+03 ,-1.518339568797525317e+03 ,-1.091249509349722302e+03 ,-1.516027618051482705e+03 ,-1.519363299577456019e+03 ,-1.519363299577456019e+03
0.000000000000000000e+00 ,0.000000000000000000e+00 ,0.000000000000000000e+00  ,0.000000000000000000e+00  ,0.000000000000000000e+00  ,0.000000000000000000e+00  ,0.000000000000000000e+00  ,0.000000000000000000e+00  ,0.000000000000000000e+00  ,0.000000000000000000e+00  ,0.000000000000000000e+00  ,0.000000000000000000e+00  ,0.000000000000000000e+00  ,0.000000000000000000e+00  ,0.000000000000000000e+00  ,0.000000000000000000e+00  ,0.000000000000000000e+00  ,0.000000000000000000e+00  ,0.000000000000000000e+00  ,0.000000000000000000e+00  ,0.000000000000000000e+00  ,0.000000000000000000e+00  ,0.000000000000000000e+00  ,0.000000000000000000e+00  ,0.000000000000000000e+00  ,0.000000000000000000e+00  ,0.000000000000000000e+00  ,0.000000000000000000e+00  ,0.000000000000000000e+00  ,0.000000000000000000e+00  ,0.000000000000000000e+00  ,0.000000000000000000e+00  ,2.639063319480865388e+01  ,1.428594338677924291e-01  ,-6.325809488125777591e-02 ,-6.325809488125777591e-02
0.000000000000000000e+00 ,0.000000000000000000e+00 ,0.000000000000000000e+00  ,0.000000000000000000e+00  ,0.000000000000000000e+00  ,0.000000000000000000e+00  ,0.000000000000000000e+00  ,0.000000000000000000e+00  ,0.000000000000000000e+00  ,0.000000000000000000e+00  ,0.000000000000000000e+00  ,0.000000000000000000e+00  ,0.000000000000000000e+00  ,0.000000000000000000e+00  ,0.000000000000000000e+00  ,0.000000000000000000e+00  ,0.000000000000000000e+00  ,0.000000000000000000e+00  ,0.000000000000000000e+00  ,0.000000000000000000e+00  ,0.000000000000000000e+00  ,0.000000000000000000e+00  ,0.000000000000000000e+00  ,0.000000000000000000e+00  ,0.000000000000000000e+00  ,0.000000000000000000e+00  ,0.000000000000000000e+00  ,0.000000000000000000e+00  ,0.000000000000000000e+00  ,0.000000000000000000e+00  ,0.000000000000000000e+00  ,0.000000000000000000e+00  ,2.639063319480865388e+01  ,1.428594338677924291e-01  ,-6.325809488125777591e-02 ,-6.325809488125777591e-02
0.000000000000000000e+00 ,0.000000000000000000e+00 ,0.000000000000000000e+00  ,0.000000000000000000e+00  ,0.000000000000000000e+00  ,0.000000000000000000e+00  ,0.000000000000000000e+00  ,0.000000000000000000e+00  ,0.000000000000000000e+00  ,0.000000000000000000e+00  ,0.000000000000000000e+00  ,0.000000000000000000e+00  ,0.000000000000000000e+00  ,0.000000000000000000e+00  ,0.000000000000000000e+00  ,0.000000000000000000e+00  ,0.000000000000000000e+00  ,0.000000000000000000e+00  ,0.000000000000000000e+00  ,0.000000000000000000e+00  ,0.000000000000000000e+00  ,0.000000000000000000e+00  ,0.000000000000000000e+00  ,0.000000000000000000e+00  ,0.000000000000000000e+00  ,0.000000000000000000e+00  ,0.000000000000000000e+00  ,0.000000000000000000e+00  ,0.000000000000000000e+00  ,0.000000000000000000e+00  ,0.000000000000000000e+00  ,0.000000000000000000e+00  ,0.000000000000000000e+00  ,-3.556772321357279765e+01 ,-3.584691056975029255e+01 ,-3.584691056975029255e+01
0.000000000000000000e+00 ,0.000000000000000000e+00 ,0.000000000000000000e+00  ,0.000000000000000000e+00  ,0.000000000000000000e+00  ,0.000000000000000000e+00  ,0.000000000000000000e+00  ,0.000000000000000000e+00  ,0.000000000000000000e+00  ,0.000000000000000000e+00  ,0.000000000000000000e+00  ,0.000000000000000000e+00  ,0.000000000000000000e+00  ,0.000000000000000000e+00  ,0.000000000000000000e+00  ,0.000000000000000000e+00  ,0.000000000000000000e+00  ,0.000000000000000000e+00  ,0.000000000000000000e+00  ,0.000000000000000000e+00  ,0.000000000000000000e+00  ,0.000000000000000000e+00  ,0.000000000000000000e+00  ,0.000000000000000000e+00  ,0.000000000000000000e+00  ,0.000000000000000000e+00  ,0.000000000000000000e+00  ,0.000000000000000000e+00  ,0.000000000000000000e+00  ,0.000000000000000000e+00  ,0.000000000000000000e+00  ,0.000000000000000000e+00  ,0.000000000000000000e+00  ,0.000000000000000000e+00  ,-2.059394002934533674e-01 ,-2.059394002934533674e-01
0.000000000000000000e+00 ,0.000000000000000000e+00 ,0.000000000000000000e+00  ,0.000000000000000000e+00  ,0.000000000000000000e+00  ,0.000000000000000000e+00  ,0.000000000000000000e+00  ,0.000000000000000000e+00  ,0.000000000000000000e+00  ,0.000000000000000000e+00  ,0.000000000000000000e+00  ,0.000000000000000000e+00  ,0.000000000000000000e+00  ,0.000000000000000000e+00  ,0.000000000000000000e+00  ,0.000000000000000000e+00  ,0.000000000000000000e+00  ,0.000000000000000000e+00  ,0.000000000000000000e+00  ,0.000000000000000000e+00  ,0.000000000000000000e+00  ,0.000000000000000000e+00  ,0.000000000000000000e+00  ,0.000000000000000000e+00  ,0.000000000000000000e+00  ,0.000000000000000000e+00  ,0.000000000000000000e+00  ,0.000000000000000000e+00  ,0.000000000000000000e+00  ,0.000000000000000000e+00  ,0.000000000000000000e+00  ,0.000000000000000000e+00  ,0.000000000000000000e+00  ,0.000000000000000000e+00  ,0.000000000000000000e+00  ,0.000000000000000000e+00
0.000000000000000000e+00 ,0.000000000000000000e+00 ,0.000000000000000000e+00  ,0.000000000000000000e+00  ,0.000000000000000000e+00  ,0.000000000000000000e+00  ,0.000000000000000000e+00  ,0.000000000000000000e+00  ,0.000000000000000000e+00  ,0.000000000000000000e+00  ,0.000000000000000000e+00  ,0.000000000000000000e+00  ,0.000000000000000000e+00  ,0.000000000000000000e+00  ,0.000000000000000000e+00  ,0.000000000000000000e+00  ,0.000000000000000000e+00  ,0.000000000000000000e+00  ,0.000000000000000000e+00  ,0.000000000000000000e+00  ,0.000000000000000000e+00  ,0.000000000000000000e+00  ,0.000000000000000000e+00  ,0.000000000000000000e+00  ,0.000000000000000000e+00  ,0.000000000000000000e+00  ,0.000000000000000000e+00  ,0.000000000000000000e+00  ,0.000000000000000000e+00  ,0.000000000000000000e+00  ,0.000000000000000000e+00  ,0.000000000000000000e+00  ,0.000000000000000000e+00  ,0.000000000000000000e+00  ,0.000000000000000000e+00  ,0.000000000000000000e+00
