,dates,Price
0,2014-02-07,1797.02
1,2014-02-10,1799.84
2,2014-02-11,1819.75
3,2014-02-12,1819.26
4,2014-02-13,1829.83
5,2014-02-14,1838.63
6,2014-02-18,1840.76
7,2014-02-19,1828.75
8,2014-02-20,1839.78
9,2014-02-21,1836.25
10,2014-02-24,1847.71
11,2014-02-25,1845.12
12,2014-02-26,1845.16
13,2014-02-27,1854.29
14,2014-02-28,1859.45
15,2014-03-03,1845.73
16,2014-03-04,1873.91
17,2014-03-05,1873.81
18,2014-03-06,1877.03
19,2014-03-07,1878.04
20,2014-03-10,1877.17
21,2014-03-11,1867.63
22,2014-03-12,1868.2
23,2014-03-13,1846.34
24,2014-03-14,1841.13
25,2014-03-17,1858.83
26,2014-03-18,1872.25
27,2014-03-19,1860.77
28,2014-03-20,1872.01
29,2014-03-21,1866.4
30,2014-03-24,1857.44
31,2014-03-25,1865.62
32,2014-03-26,1852.56
33,2014-03-27,1849.04
34,2014-03-28,1857.62
35,2014-03-31,1872.34
36,2014-04-01,1885.52
37,2014-04-02,1890.9
38,2014-04-03,1888.77
39,2014-04-04,1865.09
40,2014-04-07,1845.04
41,2014-04-08,1851.96
42,2014-04-09,1872.18
43,2014-04-10,1833.08
44,2014-04-11,1815.69
45,2014-04-14,1830.61
46,2014-04-15,1842.98
47,2014-04-16,1862.31
48,2014-04-17,1864.85
49,2014-04-21,1871.89
50,2014-04-22,1879.55
51,2014-04-23,1875.39
52,2014-04-24,1878.61
53,2014-04-25,1863.4
54,2014-04-28,1869.43
55,2014-04-29,1878.33
56,2014-04-30,1883.95
57,2014-05-01,1883.68
58,2014-05-02,1881.14
59,2014-05-05,1884.66
60,2014-05-06,1867.72
61,2014-05-07,1878.21
62,2014-05-08,1875.63
63,2014-05-09,1878.47
64,2014-05-12,1896.65
65,2014-05-13,1897.45
66,2014-05-14,1888.53
67,2014-05-15,1870.85
68,2014-05-16,1877.86
69,2014-05-19,1885.08
70,2014-05-20,1872.83
71,2014-05-21,1888.03
72,2014-05-22,1892.49
73,2014-05-23,1900.53
74,2014-05-27,1911.91
75,2014-05-28,1909.78
76,2014-05-29,1920.03
77,2014-05-30,1923.56
78,2014-06-02,1924.97
79,2014-06-03,1924.24
80,2014-06-04,1927.88
81,2014-06-05,1940.46
82,2014-06-06,1949.44
83,2014-06-09,1951.27
84,2014-06-10,1950.8
85,2014-06-11,1943.89
86,2014-06-12,1930.11
87,2014-06-13,1936.15
88,2014-06-16,1937.78
89,2014-06-17,1941.99
90,2014-06-18,1956.99
91,2014-06-19,1959.48
92,2014-06-20,1962.87
93,2014-06-23,1962.61
94,2014-06-24,1949.98
95,2014-06-25,1959.53
96,2014-06-26,1957.22
97,2014-06-27,1960.98
98,2014-06-30,1960.21
99,2014-07-01,1973.31
100,2014-07-02,1974.62
101,2014-07-03,1985.44
102,2014-07-07,1977.65
103,2014-07-08,1963.71
104,2014-07-09,1972.83
105,2014-07-10,1964.68
106,2014-07-11,1967.57
107,2014-07-14,1977.1
108,2014-07-15,1973.28
109,2014-07-16,1981.57
110,2014-07-17,1958.12
111,2014-07-18,1978.22
112,2014-07-21,1973.63
113,2014-07-22,1983.53
114,2014-07-23,1987.01
115,2014-07-24,1987.96
116,2014-07-25,1978.34
117,2014-07-28,1978.91
118,2014-07-29,1969.95
119,2014-07-30,1970.07
120,2014-07-31,1930.67
121,2014-08-01,1925.15
122,2014-08-04,1938.99
123,2014-08-05,1920.21
124,2014-08-06,1920.23
125,2014-08-07,1909.57
126,2014-08-08,1931.59
127,2014-08-11,1936.91
128,2014-08-12,1933.75
129,2014-08-13,1946.72
130,2014-08-14,1955.18
131,2014-08-15,1955.06
132,2014-08-18,1971.73
133,2014-08-19,1981.6
134,2014-08-20,1986.51
135,2014-08-21,1992.38
136,2014-08-22,1988.41
137,2014-08-25,1997.94
138,2014-08-26,2000.02
139,2014-08-27,2000.12
140,2014-08-28,1996.74
141,2014-08-29,2003.36
142,2014-09-02,2002.28
143,2014-09-03,2000.72
144,2014-09-04,1997.65
145,2014-09-05,2007.7
146,2014-09-08,2001.54
147,2014-09-09,1988.44
148,2014-09-10,1995.69
149,2014-09-11,1997.45
150,2014-09-12,1985.54
151,2014-09-15,1984.13
152,2014-09-16,1998.98
153,2014-09-17,2001.57
154,2014-09-18,2011.36
155,2014-09-19,2010.41
156,2014-09-22,1994.29
157,2014-09-23,1982.77
158,2014-09-24,1998.3
159,2014-09-25,1965.99
160,2014-09-26,1982.85
161,2014-09-29,1977.8
162,2014-09-30,1972.29
163,2014-10-01,1946.16
164,2014-10-02,1946.17
165,2014-10-03,1967.9
166,2014-10-06,1964.84
167,2014-10-07,1935.08
168,2014-10-08,1968.89
169,2014-10-09,1928.21
170,2014-10-10,1906.13
171,2014-10-13,1874.74
172,2014-10-14,1877.7
173,2014-10-15,1862.49
174,2014-10-16,1862.76
175,2014-10-17,1886.74
176,2014-10-20,1904.02
177,2014-10-21,1941.28
178,2014-10-22,1927.11
179,2014-10-23,1950.82
180,2014-10-24,1964.58
181,2014-10-27,1961.63
182,2014-10-28,1985.04
183,2014-10-29,1982.3
184,2014-10-30,1994.65
185,2014-10-31,2018.03
186,2014-11-03,2017.81
187,2014-11-04,2012.09
188,2014-11-05,2023.57
189,2014-11-06,2031.2
190,2014-11-07,2031.92
191,2014-11-10,2038.26
192,2014-11-11,2039.68
193,2014-11-12,2038.25
194,2014-11-13,2039.33
195,2014-11-14,2039.82
196,2014-11-17,2041.32
197,2014-11-18,2051.8
198,2014-11-19,2048.72
199,2014-11-20,2052.75
200,2014-11-21,2063.5
201,2014-11-24,2069.42
202,2014-11-25,2067.05
203,2014-11-26,2072.83
204,2014-11-28,2067.56
205,2014-12-01,2053.44
206,2014-12-02,2066.55
207,2014-12-03,2074.33
208,2014-12-04,2071.82
209,2014-12-05,2075.37
210,2014-12-08,2060.31
211,2014-12-09,2059.82
212,2014-12-10,2026.14
213,2014-12-11,2035.32
214,2014-12-12,2002.38
215,2014-12-15,1989.63
216,2014-12-16,1972.75
217,2014-12-17,2012.88
218,2014-12-18,2061.23
219,2014-12-19,2070.65
220,2014-12-22,2078.54
221,2014-12-23,2082.17
222,2014-12-24,2081.88
223,2014-12-26,2088.77
224,2014-12-29,2090.58
225,2014-12-30,2080.34
226,2014-12-31,2058.9
227,2015-01-02,2058.2
228,2015-01-05,2020.58
229,2015-01-06,2002.58
230,2015-01-07,2025.9
231,2015-01-08,2062.12
232,2015-01-09,2044.81
233,2015-01-12,2028.56
234,2015-01-13,2023.03
235,2015-01-14,2011.28
236,2015-01-15,1992.68
237,2015-01-16,2019.41
238,2015-01-20,2022.54
239,2015-01-21,2032.13
240,2015-01-22,2063.15
241,2015-01-23,2051.82
242,2015-01-26,2057.09
243,2015-01-27,2029.56
244,2015-01-28,2002.16
245,2015-01-29,1999.74
246,2015-01-30,1994.99
247,2015-02-02,2020.86
248,2015-02-03,2050.03
249,2015-02-04,2041.51
250,2015-02-05,2062.51
251,2015-02-06,2055.47
252,2015-02-09,2046.74
253,2015-02-10,2068.58
254,2015-02-11,2068.53
255,2015-02-12,2088.48
256,2015-02-13,2096.99
257,2015-02-17,2100.34
258,2015-02-18,2099.67
259,2015-02-19,2097.45
260,2015-02-20,2110.3
261,2015-02-23,2109.65
262,2015-02-24,2115.49
263,2015-02-25,2113.86
264,2015-02-26,2110.74
265,2015-02-27,2104.5
266,2015-03-02,2117.39
267,2015-03-03,2107.78
268,2015-03-04,2098.53
269,2015-03-05,2101.04
270,2015-03-06,2071.26
271,2015-03-09,2079.43
272,2015-03-10,2044.17
273,2015-03-11,2040.24
274,2015-03-12,2065.95
275,2015-03-13,2053.4
276,2015-03-16,2081.19
277,2015-03-17,2074.2
278,2015-03-18,2099.42
279,2015-03-19,2089.28
280,2015-03-20,2108.07
281,2015-03-23,2104.42
282,2015-03-24,2091.5
283,2015-03-25,2061.05
284,2015-03-26,2056.15
285,2015-03-27,2061.02
286,2015-03-30,2086.24
287,2015-03-31,2067.89
288,2015-04-01,2059.69
289,2015-04-02,2066.96
290,2015-04-06,2081.55
291,2015-04-07,2076.32
292,2015-04-08,2080.57
293,2015-04-09,2090.71
294,2015-04-10,2101.44
295,2015-04-13,2092.98
296,2015-04-14,2096.27
297,2015-04-15,2106.96
298,2015-04-16,2105.24
299,2015-04-17,2082.22
300,2015-04-20,2100.62
301,2015-04-21,2097.87
302,2015-04-22,2107.98
303,2015-04-23,2114.51
304,2015-04-24,2118.12
305,2015-04-27,2107.91
306,2015-04-28,2113.31
307,2015-04-29,2106.91
308,2015-04-30,2083.38
309,2015-05-01,2106.11
310,2015-05-04,2115.91
311,2015-05-05,2091.79
312,2015-05-06,2074.92
313,2015-05-07,2086.5
314,2015-05-08,2116.2
315,2015-05-11,2107.69
316,2015-05-12,2100.54
317,2015-05-13,2098.35
318,2015-05-14,2119.08
319,2015-05-15,2121.3
320,2015-05-18,2130.16
321,2015-05-19,2126.36
322,2015-05-20,2126.68
323,2015-05-21,2133.13
324,2015-05-22,2128.73
325,2015-05-26,2104.35
326,2015-05-27,2124.76
327,2015-05-28,2120.75
328,2015-05-29,2111.54
329,2015-06-01,2112.29
330,2015-06-02,2108.87
331,2015-06-03,2115.09
332,2015-06-04,2094.51
333,2015-06-05,2092.22
334,2015-06-08,2082.68
335,2015-06-09,2079.85
336,2015-06-10,2107.02
337,2015-06-11,2109.48
338,2015-06-12,2094.97
339,2015-06-15,2086.3
340,2015-06-16,2097.21
341,2015-06-17,2101.12
342,2015-06-18,2122.3
343,2015-06-19,2112.41
344,2015-06-22,2123.18
345,2015-06-23,2124.72
346,2015-06-24,2111.33
347,2015-06-25,2104.09
348,2015-06-26,2101.6
349,2015-06-29,2057.64
350,2015-06-30,2066.24
351,2015-07-01,2075.04
352,2015-07-02,2077.22
353,2015-07-06,2066.3
354,2015-07-07,2078.8
355,2015-07-08,2049.38
356,2015-07-09,2056.24
357,2015-07-10,2078.76
358,2015-07-13,2099.98
359,2015-07-14,2109.55
360,2015-07-15,2107.12
361,2015-07-16,2123.95
362,2015-07-17,2126.78
363,2015-07-20,2127.46
364,2015-07-21,2120.77
365,2015-07-22,2113.11
366,2015-07-23,2100.41
367,2015-07-24,2080.97
368,2015-07-27,2064.96
369,2015-07-28,2093.27
370,2015-07-29,2109.06
371,2015-07-30,2109.86
372,2015-07-31,2102.64
373,2015-08-03,2094.75
374,2015-08-04,2092.07
375,2015-08-05,2100.32
376,2015-08-06,2084.98
377,2015-08-07,2077.41
378,2015-08-10,2102.6
379,2015-08-11,2085.7
380,2015-08-12,2086.36
381,2015-08-13,2084.92
382,2015-08-14,2091.23
383,2015-08-17,2101.93
384,2015-08-18,2096.68
385,2015-08-19,2085.71
386,2015-08-20,2040.19
387,2015-08-21,1977.49
388,2015-08-24,1911.17
389,2015-08-25,1885.65
390,2015-08-26,1941.76
391,2015-08-27,1979.19
392,2015-08-28,1983.48
393,2015-08-31,1976.87
394,2015-09-01,1916.59
395,2015-09-02,1942.69
396,2015-09-03,1951.95
397,2015-09-04,1927.72
398,2015-09-08,1967.98
399,2015-09-09,1940.22
400,2015-09-10,1949.62
401,2015-09-11,1956.28
402,2015-09-14,1950.6
403,2015-09-15,1978.62
404,2015-09-16,1995.38
405,2015-09-17,1990.66
406,2015-09-18,1958.4
407,2015-09-21,1964.14
408,2015-09-22,1940.89
409,2015-09-23,1939.98
410,2015-09-24,1932.15
411,2015-09-25,1932.22
412,2015-09-28,1886.34
413,2015-09-29,1884.26
414,2015-09-30,1918.75
415,2015-10-01,1921.42
416,2015-10-02,1948.51
417,2015-10-05,1987.89
418,2015-10-06,1981.01
419,2015-10-07,1991.76
420,2015-10-08,2012.74
421,2015-10-09,2014.54
422,2015-10-12,2016.16
423,2015-10-13,2003.02
424,2015-10-14,1992.73
425,2015-10-15,2023.25
426,2015-10-16,2031.6
427,2015-10-19,2031.38
428,2015-10-20,2030.57
429,2015-10-21,2019.02
430,2015-10-22,2050.29
431,2015-10-23,2075.91
432,2015-10-26,2071.16
433,2015-10-27,2064.45
434,2015-10-28,2086.86
435,2015-10-29,2089.99
436,2015-10-30,2084.58
437,2015-11-02,2103.46
438,2015-11-03,2109.98
439,2015-11-04,2099.77
440,2015-11-05,2101.33
441,2015-11-06,2097.14
442,2015-11-09,2081.77
443,2015-11-10,2079.11
444,2015-11-11,2076.11
445,2015-11-12,2046.73
446,2015-11-13,2024.03
447,2015-11-16,2050.16
448,2015-11-17,2052.12
449,2015-11-18,2083.58
450,2015-11-19,2082.09
451,2015-11-20,2088.62
452,2015-11-23,2086.74
453,2015-11-24,2088.4
454,2015-11-25,2088.87
455,2015-11-27,2090.11
456,2015-11-30,2083.22
457,2015-12-01,2101.19
458,2015-12-02,2078.03
459,2015-12-03,2051.53
460,2015-12-04,2089.81
461,2015-12-07,2078.12
462,2015-12-08,2066.76
463,2015-12-09,2045.97
464,2015-12-10,2051.81
465,2015-12-11,2012.05
466,2015-12-14,2020.11
467,2015-12-15,2044.04
468,2015-12-16,2075.41
469,2015-12-17,2049.13
470,2015-12-18,2005.44
471,2015-12-21,2016.91
472,2015-12-22,2036.86
473,2015-12-23,2063.82
474,2015-12-24,2060.99
475,2015-12-28,2056.54
476,2015-12-29,2077.93
477,2015-12-30,2064.35
478,2015-12-31,2049.56
479,2016-01-04,2008.87
480,2016-01-05,2016.52
481,2016-01-06,1987.42
482,2016-01-07,1947.22
483,2016-01-08,1922.49
484,2016-01-11,1927.13
485,2016-01-12,1939.25
486,2016-01-13,1891.49
487,2016-01-14,1921.07
488,2016-01-15,1880.52
489,2016-01-19,1884.74
490,2016-01-20,1864.38
491,2016-01-21,1872.72
492,2016-01-22,1906.53
493,2016-01-25,1877.38
494,2016-01-26,1901.16
495,2016-01-27,1881.24
496,2016-01-28,1892.81
497,2016-01-29,1937.8
498,2016-02-01,1941.34
499,2016-02-02,1902.78
500,2016-02-03,1912.73
501,2016-02-04,1913.95
502,2016-02-05,1874.12
503,2016-02-08,1853.28
504,2016-02-09,1853.09
505,2016-02-10,1850.41
506,2016-02-11,1834.54
507,2016-02-12,1862.4
508,2016-02-16,1894.03
509,2016-02-17,1926.46
510,2016-02-18,1917.42
511,2016-02-19,1917.01
512,2016-02-22,1943.74
513,2016-02-23,1923.28
514,2016-02-24,1929.11
515,2016-02-25,1949.2
516,2016-02-26,1948.05
517,2016-02-29,1937.7
518,2016-03-01,1974.01
519,2016-03-02,1984.01
520,2016-03-03,1992.8
521,2016-03-04,1999.81
522,2016-03-07,1998.14
523,2016-03-08,1979.99
524,2016-03-09,1986.37
525,2016-03-10,1987.7
526,2016-03-11,2021.32
527,2016-03-14,2021.58
528,2016-03-15,2013.6
529,2016-03-16,2028.07
530,2016-03-17,2041.59
531,2016-03-18,2049.39
532,2016-03-21,2050.55
533,2016-03-22,2048.77
534,2016-03-23,2037.92
535,2016-03-24,2034.6
536,2016-03-28,2037.5
537,2016-03-29,2054.64
538,2016-03-30,2065.04
539,2016-03-31,2062.71
540,2016-04-01,2072.78
541,2016-04-04,2066.13
542,2016-04-05,2044.83
543,2016-04-06,2066.05
544,2016-04-07,2040.01
545,2016-04-08,2044.17
546,2016-04-11,2043.31
547,2016-04-12,2059.78
548,2016-04-13,2081.2
549,2016-04-14,2082.49
550,2016-04-15,2079.46
551,2016-04-18,2093.46
552,2016-04-19,2099.25
553,2016-04-20,2103.27
554,2016-04-21,2091.53
555,2016-04-22,2091.4
556,2016-04-25,2084.27
557,2016-04-26,2090.38
558,2016-04-27,2096.7
559,2016-04-28,2072.88
560,2016-04-29,2064.52
561,2016-05-02,2081.18
562,2016-05-03,2064.39
563,2016-05-04,2052.43
564,2016-05-05,2048.6
565,2016-05-06,2054.69
566,2016-05-09,2058.74
567,2016-05-10,2083.88
568,2016-05-11,2064.89
569,2016-05-12,2063.6
570,2016-05-13,2046.61
571,2016-05-16,2066.62
572,2016-05-17,2046.4
573,2016-05-18,2043.22
574,2016-05-19,2041.47
575,2016-05-20,2051.32
576,2016-05-23,2049.23
577,2016-05-24,2077.09
578,2016-05-25,2090.17
579,2016-05-26,2089.87
580,2016-05-27,2098.24
581,2016-05-31,2098.39
582,2016-06-01,2098.29
583,2016-06-02,2103.42
584,2016-06-03,2100.17
585,2016-06-06,2109.74
586,2016-06-07,2112.25
587,2016-06-08,2118.55
588,2016-06-09,2115.48
589,2016-06-10,2096.45
590,2016-06-13,2079.34
591,2016-06-14,2074.49
592,2016-06-15,2070.3
593,2016-06-16,2077.82
594,2016-06-17,2070.97
595,2016-06-20,2084.64
596,2016-06-21,2089.03
597,2016-06-22,2086.53
598,2016-06-23,2111.29
599,2016-06-24,2044.55
600,2016-06-27,2000.87
601,2016-06-28,2034.68
602,2016-06-29,2069.61
603,2016-06-30,2095.32
604,2016-07-01,2104.32
605,2016-07-05,2088.59
606,2016-07-06,2099.52
607,2016-07-07,2097.43
608,2016-07-08,2130.33
609,2016-07-11,2138.59
610,2016-07-12,2152.39
611,2016-07-13,2152.62
612,2016-07-14,2164.83
613,2016-07-15,2161.2
614,2016-07-18,2167.51
615,2016-07-19,2162.7
616,2016-07-20,2174.12
617,2016-07-21,2164.87
618,2016-07-22,2173.77
619,2016-07-25,2166.97
620,2016-07-26,2167.86
621,2016-07-27,2166.57
622,2016-07-28,2171.31
623,2016-07-29,2174.52
624,2016-08-01,2169.3
625,2016-08-02,2157.37
626,2016-08-03,2161.78
627,2016-08-04,2164.62
628,2016-08-05,2181.32
629,2016-08-08,2180.19
630,2016-08-09,2181.83
631,2016-08-10,2174.13
632,2016-08-11,2186.88
633,2016-08-12,2184.05
634,2016-08-15,2190.36
635,2016-08-16,2179.06
636,2016-08-17,2181.95
637,2016-08-18,2185.97
638,2016-08-19,2183.42
639,2016-08-22,2182.25
640,2016-08-23,2187.34
641,2016-08-24,2173.59
642,2016-08-25,2171.83
643,2016-08-26,2169.1
644,2016-08-29,2180.14
645,2016-08-30,2175.16
646,2016-08-31,2170.82
647,2016-09-01,2170.18
648,2016-09-02,2180.09
649,2016-09-06,2184.92
650,2016-09-07,2184.99
651,2016-09-08,2181.62
652,2016-09-09,2132.75
653,2016-09-12,2159.34
654,2016-09-13,2127.03
655,2016-09-14,2125.83
656,2016-09-15,2147.26
657,2016-09-16,2139.01
658,2016-09-19,2139.14
659,2016-09-20,2139.64
660,2016-09-21,2163.07
661,2016-09-22,2177.04
662,2016-09-23,2164.84
663,2016-09-26,2146.27
664,2016-09-27,2159.93
665,2016-09-28,2171.29
666,2016-09-29,2151.12
667,2016-09-30,2168.13
668,2016-10-03,2161.2
669,2016-10-04,2150.52
670,2016-10-05,2159.68
671,2016-10-06,2160.83
672,2016-10-07,2153.73
673,2016-10-10,2163.65
674,2016-10-11,2136.73
675,2016-10-12,2139.18
676,2016-10-13,2132.61
677,2016-10-14,2133.06
678,2016-10-17,2126.49
679,2016-10-18,2139.56
680,2016-10-19,2144.29
681,2016-10-20,2141.26
682,2016-10-21,2141.15
683,2016-10-24,2151.21
684,2016-10-25,2143.22
685,2016-10-26,2139.44
686,2016-10-27,2133.07
687,2016-10-28,2126.47
688,2016-10-31,2126.22
689,2016-11-01,2111.72
690,2016-11-02,2098.0
691,2016-11-03,2088.69
692,2016-11-04,2085.25
693,2016-11-07,2131.48
694,2016-11-08,2139.54
695,2016-11-09,2163.26
696,2016-11-10,2167.57
697,2016-11-11,2164.32
698,2016-11-14,2164.29
699,2016-11-15,2180.39
700,2016-11-16,2176.95
701,2016-11-17,2187.11
702,2016-11-18,2181.98
703,2016-11-21,2198.19
704,2016-11-22,2202.9
705,2016-11-23,2204.62
706,2016-11-25,2213.35
707,2016-11-28,2201.8
708,2016-11-29,2204.74
709,2016-11-30,2199.04
710,2016-12-01,2191.08
711,2016-12-02,2192.01
712,2016-12-05,2204.7
713,2016-12-06,2212.24
714,2016-12-07,2241.1
715,2016-12-08,2246.19
716,2016-12-09,2259.54
717,2016-12-12,2256.91
718,2016-12-13,2271.67
719,2016-12-14,2253.3
720,2016-12-15,2262.03
721,2016-12-16,2258.05
722,2016-12-19,2262.58
723,2016-12-20,2270.73
724,2016-12-21,2265.25
725,2016-12-22,2260.97
726,2016-12-23,2263.71
727,2016-12-27,2268.87
728,2016-12-28,2249.95
729,2016-12-29,2249.35
730,2016-12-30,2239.13
731,2017-01-03,2257.83
732,2017-01-04,2270.75
733,2017-01-05,2269.0
734,2017-01-06,2276.98
735,2017-01-09,2268.9
736,2017-01-10,2268.9
737,2017-01-11,2275.32
738,2017-01-12,2270.44
739,2017-01-13,2274.64
740,2017-01-17,2267.89
741,2017-01-18,2271.89
742,2017-01-19,2263.69
743,2017-01-20,2271.31
744,2017-01-23,2265.2
745,2017-01-24,2280.07
746,2017-01-25,2298.37
747,2017-01-26,2296.68
748,2017-01-27,2294.69
749,2017-01-30,2280.9
750,2017-01-31,2278.87
751,2017-02-01,2279.55
752,2017-02-02,2280.85
753,2017-02-03,2297.42
754,2017-02-06,2292.56
755,2017-02-07,2293.08
756,2017-02-08,2294.67
757,2017-02-09,2307.87
758,2017-02-10,2316.1
759,2017-02-13,2328.25
760,2017-02-14,2337.58
761,2017-02-15,2349.25
762,2017-02-16,2347.22
763,2017-02-17,2351.16
764,2017-02-21,2365.38
765,2017-02-22,2362.82
766,2017-02-23,2363.81
767,2017-02-24,2367.34
768,2017-02-27,2369.75
769,2017-02-28,2363.64
770,2017-03-01,2395.96
771,2017-03-02,2381.92
772,2017-03-03,2383.12
773,2017-03-06,2375.31
774,2017-03-07,2368.39
775,2017-03-08,2362.98
776,2017-03-09,2364.87
777,2017-03-10,2372.6
778,2017-03-13,2373.47
779,2017-03-14,2365.45
780,2017-03-15,2385.26
781,2017-03-16,2381.38
782,2017-03-17,2378.25
783,2017-03-20,2373.47
784,2017-03-21,2344.02
785,2017-03-22,2348.45
786,2017-03-23,2345.96
787,2017-03-24,2343.98
788,2017-03-27,2341.59
789,2017-03-28,2358.57
790,2017-03-29,2361.13
791,2017-03-30,2368.06
792,2017-03-31,2362.72
793,2017-04-03,2358.84
794,2017-04-04,2360.16
795,2017-04-05,2352.95
796,2017-04-06,2357.49
797,2017-04-07,2355.54
798,2017-04-10,2357.16
799,2017-04-11,2353.78
800,2017-04-12,2344.93
801,2017-04-13,2328.95
802,2017-04-17,2349.01
803,2017-04-18,2342.19
804,2017-04-19,2338.17
805,2017-04-20,2355.84
806,2017-04-21,2348.69
807,2017-04-24,2374.15
808,2017-04-25,2388.61
809,2017-04-26,2387.45
810,2017-04-27,2388.77
811,2017-04-28,2384.2
812,2017-05-01,2388.33
813,2017-05-02,2391.17
814,2017-05-03,2388.13
815,2017-05-04,2389.52
816,2017-05-05,2399.29
817,2017-05-08,2399.38
818,2017-05-09,2396.92
819,2017-05-10,2399.63
820,2017-05-11,2394.44
821,2017-05-12,2390.9
822,2017-05-15,2402.32
823,2017-05-16,2400.67
824,2017-05-17,2357.03
825,2017-05-18,2365.72
826,2017-05-19,2381.73
827,2017-05-22,2394.02
828,2017-05-23,2398.42
829,2017-05-24,2404.39
830,2017-05-25,2415.07
831,2017-05-26,2415.82
832,2017-05-30,2412.91
833,2017-05-31,2411.8
834,2017-06-01,2430.06
835,2017-06-02,2439.07
836,2017-06-05,2436.1
837,2017-06-06,2429.33
838,2017-06-07,2433.14
839,2017-06-08,2433.79
840,2017-06-09,2431.77
841,2017-06-12,2429.39
842,2017-06-13,2440.35
843,2017-06-14,2437.92
844,2017-06-15,2432.46
845,2017-06-16,2433.15
846,2017-06-19,2453.46
847,2017-06-20,2437.03
848,2017-06-21,2435.61
849,2017-06-22,2434.5
850,2017-06-23,2438.3
851,2017-06-26,2439.07
852,2017-06-27,2419.38
853,2017-06-28,2440.69
854,2017-06-29,2419.7
855,2017-06-30,2423.41
856,2017-07-03,2429.01
857,2017-07-05,2432.54
858,2017-07-06,2409.75
859,2017-07-07,2425.18
860,2017-07-10,2427.43
861,2017-07-11,2425.53
862,2017-07-12,2443.25
863,2017-07-13,2447.83
864,2017-07-14,2459.27
865,2017-07-17,2459.14
866,2017-07-18,2460.61
867,2017-07-19,2473.83
868,2017-07-20,2473.45
869,2017-07-21,2472.54
870,2017-07-24,2469.91
871,2017-07-25,2477.08
872,2017-07-26,2477.83
873,2017-07-27,2475.42
874,2017-07-28,2472.1
875,2017-07-31,2470.3
876,2017-08-01,2476.35
877,2017-08-02,2477.57
878,2017-08-03,2472.16
879,2017-08-04,2476.83
880,2017-08-07,2480.91
881,2017-08-08,2474.92
882,2017-08-09,2474.02
883,2017-08-10,2438.21
884,2017-08-11,2441.32
885,2017-08-14,2465.84
886,2017-08-15,2464.61
887,2017-08-16,2468.11
888,2017-08-17,2430.01
889,2017-08-18,2425.55
890,2017-08-21,2428.37
891,2017-08-22,2452.51
892,2017-08-23,2444.04
893,2017-08-24,2438.97
894,2017-08-25,2443.05
895,2017-08-28,2444.24
896,2017-08-29,2446.3
897,2017-08-30,2457.59
898,2017-08-31,2471.65
899,2017-09-01,2476.55
900,2017-09-05,2457.85
901,2017-09-06,2465.54
902,2017-09-07,2465.1
903,2017-09-08,2461.43
904,2017-09-11,2488.11
905,2017-09-12,2496.48
906,2017-09-13,2498.37
907,2017-09-14,2495.62
908,2017-09-15,2500.23
909,2017-09-18,2503.87
910,2017-09-19,2506.65
911,2017-09-20,2508.24
912,2017-09-21,2500.6
913,2017-09-22,2502.22
914,2017-09-25,2496.66
915,2017-09-26,2496.84
916,2017-09-27,2507.04
917,2017-09-28,2510.06
918,2017-09-29,2519.36
919,2017-10-02,2529.12
920,2017-10-03,2534.58
921,2017-10-04,2537.74
922,2017-10-05,2552.07
923,2017-10-06,2549.33
924,2017-10-09,2544.73
925,2017-10-10,2550.64
926,2017-10-11,2555.24
927,2017-10-12,2550.93
928,2017-10-13,2553.17
929,2017-10-16,2557.64
930,2017-10-17,2559.36
931,2017-10-18,2561.26
932,2017-10-19,2562.1
933,2017-10-20,2575.21
934,2017-10-23,2564.98
935,2017-10-24,2569.13
936,2017-10-25,2557.15
937,2017-10-26,2560.4
938,2017-10-27,2581.07
939,2017-10-30,2572.83
940,2017-10-31,2575.26
941,2017-11-01,2579.36
942,2017-11-02,2579.85
943,2017-11-03,2587.84
944,2017-11-06,2591.13
945,2017-11-07,2590.64
946,2017-11-08,2594.38
947,2017-11-09,2584.62
948,2017-11-10,2582.3
949,2017-11-13,2584.84
950,2017-11-14,2578.87
951,2017-11-15,2564.62
952,2017-11-16,2585.64
953,2017-11-17,2578.85
954,2017-11-20,2582.14
955,2017-11-21,2599.03
956,2017-11-22,2597.08
957,2017-11-24,2602.42
958,2017-11-27,2601.42
959,2017-11-28,2627.04
960,2017-11-29,2626.07
961,2017-11-30,2647.55
962,2017-12-01,2642.19
963,2017-12-04,2639.41
964,2017-12-05,2629.58
965,2017-12-06,2629.27
966,2017-12-07,2636.99
967,2017-12-08,2651.49
968,2017-12-11,2659.99
969,2017-12-12,2664.13
970,2017-12-13,2662.85
971,2017-12-14,2652.06
972,2017-12-15,2675.71
973,2017-12-18,2690.21
974,2017-12-19,2681.48
975,2017-12-20,2679.25
976,2017-12-21,2684.57
977,2017-12-22,2683.34
978,2017-12-26,2680.5
979,2017-12-27,2682.61
980,2017-12-28,2687.54
981,2017-12-29,2674.03
982,2018-01-02,2695.79
983,2018-01-03,2713.06
984,2018-01-04,2723.99
985,2018-01-05,2742.98
986,2018-01-08,2747.7
987,2018-01-09,2751.3
988,2018-01-10,2748.22
989,2018-01-11,2767.55
990,2018-01-12,2786.23
991,2018-01-16,2776.43
992,2018-01-17,2802.57
993,2018-01-18,2798.07
994,2018-01-19,2810.29
995,2018-01-22,2832.97
996,2018-01-23,2839.16
997,2018-01-24,2837.6
998,2018-01-25,2839.28
999,2018-01-26,2872.82
1000,2018-01-29,2853.5
1001,2018-01-30,2822.46
1002,2018-01-31,2823.89
1003,2018-02-01,2821.99
1004,2018-02-02,2761.94
1005,2018-02-05,2648.98
1006,2018-02-06,2695.16
1007,2018-02-07,2681.66
1008,2018-02-08,2581.03
1009,2018-02-09,2619.58
1010,2018-02-12,2655.98
1011,2018-02-13,2662.97
1012,2018-02-14,2698.66
1013,2018-02-15,2731.2
1014,2018-02-16,2732.22
1015,2018-02-20,2716.23
1016,2018-02-21,2701.39
1017,2018-02-22,2703.96
1018,2018-02-23,2747.36
1019,2018-02-26,2779.6
1020,2018-02-27,2744.28
1021,2018-02-28,2713.78
1022,2018-03-01,2677.49
1023,2018-03-02,2691.26
1024,2018-03-05,2720.94
1025,2018-03-06,2728.13
1026,2018-03-07,2726.85
1027,2018-03-08,2738.97
1028,2018-03-09,2786.56
1029,2018-03-12,2783.03
1030,2018-03-13,2765.31
1031,2018-03-14,2749.5
1032,2018-03-15,2747.33
1033,2018-03-16,2751.83
1034,2018-03-19,2712.92
1035,2018-03-20,2716.94
1036,2018-03-21,2711.92
1037,2018-03-22,2643.69
1038,2018-03-23,2588.26
1039,2018-03-26,2658.55
1040,2018-03-27,2612.63
1041,2018-03-28,2605.0
1042,2018-03-29,2641.92
1043,2018-04-02,2581.83
1044,2018-04-03,2614.43
1045,2018-04-04,2644.68
1046,2018-04-05,2662.82
1047,2018-04-06,2604.45
1048,2018-04-09,2613.16
1049,2018-04-10,2656.87
1050,2018-04-11,2642.19
1051,2018-04-12,2663.98
1052,2018-04-13,2656.31
1053,2018-04-16,2677.84
1054,2018-04-17,2706.38
1055,2018-04-18,2708.64
1056,2018-04-19,2693.12
1057,2018-04-20,2670.15
1058,2018-04-23,2670.28
1059,2018-04-24,2634.53
1060,2018-04-25,2639.4
1061,2018-04-26,2667.12
1062,2018-04-27,2669.96
1063,2018-04-30,2648.07
1064,2018-05-01,2654.73
1065,2018-05-02,2635.68
1066,2018-05-03,2629.72
1067,2018-05-04,2663.46
1068,2018-05-07,2672.61
1069,2018-05-08,2671.92
1070,2018-05-09,2697.79
1071,2018-05-10,2723.05
1072,2018-05-11,2727.73
1073,2018-05-14,2730.13
1074,2018-05-15,2711.44
1075,2018-05-16,2722.48
1076,2018-05-17,2720.12
1077,2018-05-18,2713.02
1078,2018-05-21,2733.02
1079,2018-05-22,2724.47
1080,2018-05-23,2733.28
1081,2018-05-24,2727.79
1082,2018-05-25,2721.31
1083,2018-05-29,2689.86
1084,2018-05-30,2724.05
1085,2018-05-31,2705.31
1086,2018-06-01,2734.58
1087,2018-06-04,2746.87
1088,2018-06-05,2748.81
1089,2018-06-06,2772.35
1090,2018-06-07,2770.36
1091,2018-06-08,2778.98
1092,2018-06-11,2782.0
1093,2018-06-12,2786.85
1094,2018-06-13,2775.63
1095,2018-06-14,2782.52
1096,2018-06-15,2779.44
1097,2018-06-18,2773.87
1098,2018-06-19,2762.58
1099,2018-06-20,2767.32
1100,2018-06-21,2749.77
1101,2018-06-22,2754.89
1102,2018-06-25,2717.08
1103,2018-06-26,2723.06
1104,2018-06-27,2699.65
1105,2018-06-28,2716.32
1106,2018-06-29,2718.56
1107,2018-07-02,2726.62
1108,2018-07-03,2713.22
1109,2018-07-05,2736.66
1110,2018-07-06,2759.79
1111,2018-07-09,2784.19
1112,2018-07-10,2793.82
1113,2018-07-11,2774.03
1114,2018-07-12,2798.31
1115,2018-07-13,2801.28
1116,2018-07-16,2798.44
1117,2018-07-17,2809.58
1118,2018-07-18,2815.63
1119,2018-07-19,2804.52
1120,2018-07-20,2801.83
1121,2018-07-23,2806.96
1122,2018-07-24,2820.38
1123,2018-07-25,2846.05
1124,2018-07-26,2837.44
1125,2018-07-27,2818.85
1126,2018-07-30,2802.6
1127,2018-07-31,2816.24
1128,2018-08-01,2813.42
1129,2018-08-02,2827.27
1130,2018-08-03,2840.35
1131,2018-08-06,2850.45
1132,2018-08-07,2858.46
1133,2018-08-08,2857.72
1134,2018-08-09,2853.58
1135,2018-08-10,2833.28
1136,2018-08-13,2821.95
1137,2018-08-14,2839.98
1138,2018-08-15,2818.41
1139,2018-08-16,2840.69
1140,2018-08-17,2850.14
1141,2018-08-20,2857.05
1142,2018-08-21,2862.89
1143,2018-08-22,2861.83
1144,2018-08-23,2856.98
1145,2018-08-24,2874.7
1146,2018-08-27,2896.71
1147,2018-08-28,2897.55
1148,2018-08-29,2914.03
1149,2018-08-30,2901.13
1150,2018-08-31,2901.45
1151,2018-09-04,2896.71
1152,2018-09-05,2888.64
1153,2018-09-06,2878.08
1154,2018-09-07,2871.71
1155,2018-09-10,2877.15
1156,2018-09-11,2887.91
1157,2018-09-12,2888.91
1158,2018-09-13,2904.18
1159,2018-09-14,2905.01
1160,2018-09-17,2888.84
1161,2018-09-18,2904.32
1162,2018-09-19,2907.93
1163,2018-09-20,2930.75
1164,2018-09-21,2929.22
1165,2018-09-24,2919.37
1166,2018-09-25,2915.58
1167,2018-09-26,2905.99
1168,2018-09-27,2914.0
1169,2018-09-28,2913.93
1170,2018-10-01,2924.61
1171,2018-10-02,2923.41
1172,2018-10-03,2925.51
1173,2018-10-04,2901.6
1174,2018-10-05,2885.57
1175,2018-10-08,2884.53
1176,2018-10-09,2880.35
1177,2018-10-10,2785.8
1178,2018-10-11,2728.37
1179,2018-10-12,2767.04
1180,2018-10-15,2750.79
1181,2018-10-16,2810.03
1182,2018-10-17,2809.21
1183,2018-10-18,2769.07
1184,2018-10-19,2767.78
1185,2018-10-22,2755.88
1186,2018-10-23,2740.68
1187,2018-10-24,2656.18
1188,2018-10-25,2705.6
1189,2018-10-26,2658.54
1190,2018-10-29,2641.06
1191,2018-10-30,2682.65
1192,2018-10-31,2711.68
1193,2018-11-01,2740.35
1194,2018-11-02,2722.76
1195,2018-11-05,2738.32
1196,2018-11-06,2755.53
1197,2018-11-07,2813.87
1198,2018-11-08,2806.84
1199,2018-11-09,2781.14
1200,2018-11-12,2726.23
1201,2018-11-13,2722.02
1202,2018-11-14,2701.67
1203,2018-11-15,2730.29
1204,2018-11-16,2736.16
1205,2018-11-19,2690.7
1206,2018-11-20,2641.88
1207,2018-11-21,2650.0
1208,2018-11-23,2632.56
1209,2018-11-26,2673.45
1210,2018-11-27,2682.11
1211,2018-11-28,2743.77
1212,2018-11-29,2737.8
1213,2018-11-30,2760.16
1214,2018-12-03,2790.37
1215,2018-12-04,2700.06
1216,2018-12-06,2695.95
1217,2018-12-07,2632.99
1218,2018-12-10,2637.72
1219,2018-12-11,2636.78
1220,2018-12-12,2651.07
1221,2018-12-13,2650.54
1222,2018-12-14,2599.95
1223,2018-12-17,2545.94
1224,2018-12-18,2546.16
1225,2018-12-19,2506.96
1226,2018-12-20,2467.41
1227,2018-12-21,2416.63
1228,2018-12-24,2351.1
1229,2018-12-26,2467.7
1230,2018-12-27,2488.83
1231,2018-12-28,2485.74
1232,2018-12-31,2506.85
1233,2019-01-02,2510.03
1234,2019-01-03,2447.89
1235,2019-01-04,2531.94
1236,2019-01-07,2549.69
1237,2019-01-08,2574.41
1238,2019-01-09,2584.96
1239,2019-01-10,2596.63
1240,2019-01-11,2596.26
1241,2019-01-14,2582.61
1242,2019-01-15,2610.3
1243,2019-01-16,2616.1
1244,2019-01-17,2635.96
1245,2019-01-18,2670.71
1246,2019-01-22,2632.9
1247,2019-01-23,2638.7
1248,2019-01-24,2642.33
1249,2019-01-25,2664.76
1250,2019-01-28,2643.85
1251,2019-01-29,2640.0
1252,2019-01-30,2681.05
1253,2019-01-31,2704.1
1254,2019-02-01,2706.53
1255,2019-02-04,2724.87
1256,2019-02-05,2737.7
1257,2019-02-06,2731.61
1258,2019-02-07,2706.04
1259,2019-02-08,2707.88
1260,2019-02-11,2709.8
1261,2019-02-12,2744.73
1262,2019-02-13,2753.03
1263,2019-02-14,2745.73
1264,2019-02-15,2775.6
1265,2019-02-19,2779.76
1266,2019-02-20,2784.7
1267,2019-02-21,2774.88
1268,2019-02-22,2792.67
1269,2019-02-25,2796.11
1270,2019-02-26,2793.9
1271,2019-02-27,2792.38
1272,2019-02-28,2784.49
1273,2019-03-01,2803.69
1274,2019-03-04,2792.81
1275,2019-03-05,2789.65
1276,2019-03-06,2771.45
1277,2019-03-07,2748.93
1278,2019-03-08,2743.07
1279,2019-03-11,2783.3
1280,2019-03-12,2791.52
1281,2019-03-13,2810.93
1282,2019-03-14,2808.48
1283,2019-03-15,2822.48
1284,2019-03-18,2832.94
1285,2019-03-19,2832.57
1286,2019-03-20,2824.23
1287,2019-03-21,2854.88
1288,2019-03-22,2800.71
1289,2019-03-25,2798.36
1290,2019-03-26,2818.46
1291,2019-03-27,2805.37
1292,2019-03-28,2815.44
1293,2019-03-29,2834.41
1294,2019-04-01,2867.19
1295,2019-04-02,2867.24
1296,2019-04-03,2873.4
1297,2019-04-04,2879.39
1298,2019-04-05,2892.74
1299,2019-04-08,2895.77
1300,2019-04-09,2878.2
1301,2019-04-10,2888.21
1302,2019-04-11,2888.32
1303,2019-04-12,2907.41
1304,2019-04-15,2905.58
1305,2019-04-16,2907.06
1306,2019-04-17,2900.47
1307,2019-04-18,2905.03
1308,2019-04-22,2907.97
1309,2019-04-23,2933.68
1310,2019-04-24,2927.25
1311,2019-04-25,2926.17
1312,2019-04-26,2939.88
1313,2019-04-29,2943.03
1314,2019-04-30,2945.83
1315,2019-05-01,2923.73
1316,2019-05-02,2917.52
1317,2019-05-03,2945.64
1318,2019-05-06,2932.47
1319,2019-05-07,2884.05
1320,2019-05-08,2879.42
1321,2019-05-09,2870.72
1322,2019-05-10,2881.4
1323,2019-05-13,2811.87
1324,2019-05-14,2834.41
1325,2019-05-15,2850.96
1326,2019-05-16,2876.32
1327,2019-05-17,2859.51
1328,2019-05-20,2840.23
1329,2019-05-21,2864.36
1330,2019-05-22,2856.27
1331,2019-05-23,2822.24
1332,2019-05-24,2826.06
1333,2019-05-28,2802.39
1334,2019-05-29,2783.02
1335,2019-05-30,2788.87
1336,2019-05-31,2752.06
1337,2019-06-03,2744.31
1338,2019-06-04,2803.27
1339,2019-06-05,2826.15
1340,2019-06-06,2843.49
1341,2019-06-07,2873.34
1342,2019-06-10,2886.73
1343,2019-06-11,2885.72
1344,2019-06-12,2879.84
1345,2019-06-13,2891.64
1346,2019-06-14,2886.99
1347,2019-06-17,2889.67
1348,2019-06-18,2917.75
1349,2019-06-19,2926.46
1350,2019-06-20,2954.18
1351,2019-06-21,2950.5
1352,2019-06-24,2945.35
1353,2019-06-25,2917.38
1354,2019-06-26,2913.78
1355,2019-06-27,2924.92
1356,2019-06-28,2941.76
1357,2019-07-01,2964.33
1358,2019-07-02,2973.01
1359,2019-07-03,2995.82
1360,2019-07-05,2990.41
1361,2019-07-08,2975.95
1362,2019-07-09,2979.63
1363,2019-07-10,2993.07
1364,2019-07-11,2999.91
1365,2019-07-12,3013.77
1366,2019-07-15,3014.3
1367,2019-07-16,3004.04
1368,2019-07-17,2984.42
1369,2019-07-18,2995.1
1370,2019-07-19,2976.61
1371,2019-07-22,2985.02
1372,2019-07-23,3005.47
1373,2019-07-24,3019.56
1374,2019-07-25,3003.67
1375,2019-07-26,3025.86
1376,2019-07-29,3020.97
1377,2019-07-30,3013.18
1378,2019-07-31,2980.36
1379,2019-08-01,2953.56
1380,2019-08-02,2932.05
1381,2019-08-05,2844.74
1382,2019-08-06,2881.77
1383,2019-08-07,2883.98
1384,2019-08-08,2938.09
1385,2019-08-09,2918.65
1386,2019-08-12,2882.69
1387,2019-08-13,2926.32
1388,2019-08-14,2840.6
1389,2019-08-15,2847.6
1390,2019-08-16,2888.68
1391,2019-08-19,2923.65
1392,2019-08-20,2900.52
1393,2019-08-21,2924.43
1394,2019-08-22,2922.95
1395,2019-08-23,2847.11
1396,2019-08-26,2878.38
1397,2019-08-27,2869.16
1398,2019-08-28,2887.94
1399,2019-08-29,2924.58
1400,2019-08-30,2926.46
1401,2019-09-03,2906.27
1402,2019-09-04,2937.78
1403,2019-09-05,2976.0
1404,2019-09-06,2978.71
1405,2019-09-09,2978.43
1406,2019-09-10,2979.39
1407,2019-09-11,3000.93
1408,2019-09-12,3009.57
1409,2019-09-13,3007.39
1410,2019-09-16,2997.96
1411,2019-09-17,3005.7
1412,2019-09-18,3006.73
1413,2019-09-19,3006.79
1414,2019-09-20,2992.07
1415,2019-09-23,2991.78
1416,2019-09-24,2966.6
1417,2019-09-25,2984.87
1418,2019-09-26,2977.62
1419,2019-09-27,2961.79
1420,2019-09-30,2976.74
1421,2019-10-01,2940.25
1422,2019-10-02,2887.61
1423,2019-10-03,2910.63
1424,2019-10-04,2952.01
1425,2019-10-07,2938.79
1426,2019-10-08,2893.06
1427,2019-10-09,2919.4
1428,2019-10-10,2938.13
1429,2019-10-11,2970.27
1430,2019-10-14,2966.15
1431,2019-10-15,2995.68
1432,2019-10-16,2989.69
1433,2019-10-17,2997.95
1434,2019-10-18,2986.2
1435,2019-10-21,3006.72
1436,2019-10-22,2995.99
1437,2019-10-23,3004.52
1438,2019-10-24,3010.29
1439,2019-10-25,3022.55
1440,2019-10-28,3039.42
1441,2019-10-29,3036.89
1442,2019-10-30,3046.77
1443,2019-10-31,3037.56
1444,2019-11-01,3066.91
1445,2019-11-04,3078.27
1446,2019-11-05,3074.62
1447,2019-11-06,3076.78
1448,2019-11-07,3085.18
1449,2019-11-08,3093.08
1450,2019-11-11,3087.01
1451,2019-11-12,3091.84
1452,2019-11-13,3094.04
1453,2019-11-14,3096.63
1454,2019-11-15,3120.46
1455,2019-11-18,3122.03
1456,2019-11-19,3120.18
1457,2019-11-20,3108.46
1458,2019-11-21,3103.54
1459,2019-11-22,3110.29
1460,2019-11-25,3133.64
1461,2019-11-26,3140.52
1462,2019-11-27,3153.63
1463,2019-11-29,3140.98
1464,2019-12-02,3113.87
1465,2019-12-03,3093.2
1466,2019-12-04,3112.76
1467,2019-12-05,3117.43
1468,2019-12-06,3145.91
1469,2019-12-09,3135.96
1470,2019-12-10,3132.52
1471,2019-12-11,3141.63
1472,2019-12-12,3168.57
1473,2019-12-13,3168.8
1474,2019-12-16,3191.45
1475,2019-12-17,3192.52
1476,2019-12-18,3191.14
1477,2019-12-19,3205.37
1478,2019-12-20,3221.23
1479,2019-12-23,3224.01
1480,2019-12-24,3223.38
1481,2019-12-26,3239.91
1482,2019-12-27,3240.02
1483,2019-12-30,3221.29
1484,2019-12-31,3230.78
1485,2020-01-02,3257.85
1486,2020-01-03,3234.85
1487,2020-01-06,3246.28
1488,2020-01-07,3237.18
1489,2020-01-08,3253.05
1490,2020-01-09,3274.7
1491,2020-01-10,3265.35
1492,2020-01-13,3288.13
1493,2020-01-14,3283.15
1494,2020-01-15,3289.29
1495,2020-01-16,3316.81
1496,2020-01-17,3329.62
1497,2020-01-21,3320.79
1498,2020-01-22,3321.75
1499,2020-01-23,3325.54
1500,2020-01-24,3295.47
1501,2020-01-27,3243.63
1502,2020-01-28,3276.24
1503,2020-01-29,3273.4
1504,2020-01-30,3283.66
1505,2020-01-31,3225.52
1506,2020-02-03,3248.92
1507,2020-02-04,3297.59
1508,2020-02-05,3334.69
1509,2020-02-06,3345.78
1510,2020-02-07,3327.71
1511,2020-02-10,3352.09
1512,2020-02-11,3357.75
1513,2020-02-12,3379.45
1514,2020-02-13,3373.94
1515,2020-02-14,3380.16
1516,2020-02-18,3370.29
1517,2020-02-19,3386.15
1518,2020-02-20,3373.23
1519,2020-02-21,3337.75
1520,2020-02-24,3225.89
1521,2020-02-25,3128.21
1522,2020-02-26,3116.39
1523,2020-02-27,2978.76
1524,2020-02-28,2954.22
1525,2020-03-02,3090.23
1526,2020-03-03,3003.37
1527,2020-03-04,3130.12
1528,2020-03-05,3023.94
1529,2020-03-06,2972.37
1530,2020-03-09,2746.56
1531,2020-03-10,2882.23
1532,2020-03-11,2741.38
1533,2020-03-12,2480.64
1534,2020-03-13,2711.02
1535,2020-03-16,2386.13
1536,2020-03-17,2529.19
1537,2020-03-18,2398.1
1538,2020-03-19,2409.39
1539,2020-03-20,2304.92
1540,2020-03-23,2237.4
1541,2020-03-24,2447.33
1542,2020-03-25,2475.56
1543,2020-03-26,2630.07
1544,2020-03-27,2541.47
1545,2020-03-30,2626.65
1546,2020-03-31,2584.59
1547,2020-04-01,2470.5
1548,2020-04-02,2526.9
1549,2020-04-03,2488.65
1550,2020-04-06,2663.68
1551,2020-04-07,2659.41
1552,2020-04-08,2749.98
1553,2020-04-09,2789.82
1554,2020-04-13,2761.63
1555,2020-04-14,2846.06
1556,2020-04-15,2783.36
1557,2020-04-16,2799.55
1558,2020-04-17,2874.56
1559,2020-04-20,2823.16
1560,2020-04-21,2736.56
1561,2020-04-22,2799.31
1562,2020-04-23,2797.8
1563,2020-04-24,2836.74
1564,2020-04-27,2878.48
1565,2020-04-28,2863.39
1566,2020-04-29,2939.51
1567,2020-04-30,2912.43
1568,2020-05-01,2830.71
1569,2020-05-04,2842.74
1570,2020-05-05,2868.44
1571,2020-05-06,2848.42
1572,2020-05-07,2881.19
1573,2020-05-08,2929.8
1574,2020-05-11,2930.19
1575,2020-05-12,2870.12
1576,2020-05-13,2820.0
1577,2020-05-14,2852.5
1578,2020-05-15,2863.7
1579,2020-05-18,2953.91
1580,2020-05-19,2922.94
1581,2020-05-20,2971.61
1582,2020-05-21,2948.51
1583,2020-05-22,2955.45
1584,2020-05-26,2991.77
1585,2020-05-27,3036.13
1586,2020-05-28,3029.73
1587,2020-05-29,3044.31
1588,2020-06-01,3055.73
1589,2020-06-02,3080.82
1590,2020-06-03,3122.87
1591,2020-06-04,3112.35
1592,2020-06-05,3193.93
1593,2020-06-08,3232.39
1594,2020-06-09,3207.18
1595,2020-06-10,3190.14
1596,2020-06-11,3002.1
1597,2020-06-12,3041.31
1598,2020-06-15,3066.59
1599,2020-06-16,3124.74
1600,2020-06-17,3113.49
1601,2020-06-18,3115.34
1602,2020-06-19,3097.74
1603,2020-06-22,3117.86
1604,2020-06-23,3131.29
1605,2020-06-24,3050.33
1606,2020-06-25,3083.76
1607,2020-06-26,3009.05
1608,2020-06-29,3053.24
1609,2020-06-30,3100.29
1610,2020-07-01,3115.86
1611,2020-07-02,3130.01
1612,2020-07-06,3179.72
1613,2020-07-07,3145.32
1614,2020-07-08,3169.94
1615,2020-07-09,3152.05
1616,2020-07-10,3185.04
1617,2020-07-13,3155.22
1618,2020-07-14,3197.52
1619,2020-07-15,3226.56
1620,2020-07-16,3215.57
1621,2020-07-17,3224.73
1622,2020-07-20,3251.84
1623,2020-07-21,3257.3
1624,2020-07-22,3276.02
1625,2020-07-23,3235.66
1626,2020-07-24,3215.63
1627,2020-07-27,3239.41
1628,2020-07-28,3218.44
1629,2020-07-29,3258.44
1630,2020-07-30,3246.22
1631,2020-07-31,3271.12
1632,2020-08-03,3294.61
1633,2020-08-04,3306.51
1634,2020-08-05,3327.77
1635,2020-08-06,3349.16
1636,2020-08-07,3351.28
1637,2020-08-10,3360.47
1638,2020-08-11,3333.69
1639,2020-08-12,3380.35
1640,2020-08-13,3373.43
1641,2020-08-14,3372.85
1642,2020-08-17,3381.99
1643,2020-08-18,3389.78
1644,2020-08-19,3374.85
1645,2020-08-20,3385.51
1646,2020-08-21,3397.16
1647,2020-08-24,3431.28
1648,2020-08-25,3443.62
1649,2020-08-26,3478.73
1650,2020-08-27,3484.55
1651,2020-08-28,3508.01
1652,2020-08-31,3500.31
1653,2020-09-01,3526.65
1654,2020-09-02,3580.84
1655,2020-09-03,3455.06
1656,2020-09-04,3426.96
1657,2020-09-08,3331.84
1658,2020-09-09,3398.96
1659,2020-09-10,3339.19
1660,2020-09-11,3340.97
1661,2020-09-14,3383.54
1662,2020-09-15,3401.2
1663,2020-09-16,3385.49
1664,2020-09-17,3357.01
1665,2020-09-18,3319.47
1666,2020-09-21,3281.06
1667,2020-09-22,3315.57
1668,2020-09-23,3236.92
1669,2020-09-24,3246.59
1670,2020-09-25,3298.46
1671,2020-09-28,3351.6
1672,2020-09-29,3335.48
1673,2020-09-30,3345.51
1674,2020-10-01,3380.8
1675,2020-10-02,3348.42
1676,2020-10-05,3408.62
1677,2020-10-06,3360.95
1678,2020-10-07,3419.44
1679,2020-10-08,3446.83
1680,2020-10-09,3477.13
1681,2020-10-12,3534.22
1682,2020-10-13,3511.93
1683,2020-10-14,3488.67
1684,2020-10-15,3483.34
1685,2020-10-16,3483.81
1686,2020-10-19,3426.92
1687,2020-10-20,3443.12
1688,2020-10-21,3435.56
1689,2020-10-22,3453.49
1690,2020-10-23,3465.39
1691,2020-10-26,3400.97
1692,2020-10-27,3390.68
1693,2020-10-28,3271.03
1694,2020-10-29,3310.11
1695,2020-10-30,3269.96
1696,2020-11-02,3310.24
1697,2020-11-03,3369.16
1698,2020-11-04,3443.44
1699,2020-11-05,3510.45
1700,2020-11-06,3509.44
1701,2020-11-09,3550.5
1702,2020-11-10,3545.53
1703,2020-11-11,3572.66
1704,2020-11-12,3537.01
1705,2020-11-13,3585.15
1706,2020-11-16,3626.91
1707,2020-11-17,3609.53
1708,2020-11-18,3567.79
1709,2020-11-19,3581.87
1710,2020-11-20,3557.54
1711,2020-11-23,3577.59
1712,2020-11-24,3635.43
1713,2020-11-25,3629.65
1714,2020-11-27,3638.35
1715,2020-11-30,3621.63
1716,2020-12-01,3662.45
1717,2020-12-02,3669.01
1718,2020-12-03,3666.72
1719,2020-12-04,3699.12
1720,2020-12-07,3691.96
1721,2020-12-08,3702.25
1722,2020-12-09,3672.48
1723,2020-12-10,3668.05
1724,2020-12-11,3663.46
1725,2020-12-14,3647.49
1726,2020-12-15,3694.62
1727,2020-12-16,3701.17
1728,2020-12-17,3722.48
1729,2020-12-18,3709.76
1730,2020-12-21,3694.92
1731,2020-12-22,3687.27
1732,2020-12-23,3690.01
1733,2020-12-24,3703.06
1734,2020-12-28,3735.36
1735,2020-12-29,3727.04
1736,2020-12-30,3732.04
1737,2020-12-31,3756.07
1738,2021-01-04,3700.65
1739,2021-01-05,3726.86
1740,2021-01-06,3748.14
1741,2021-01-07,3803.79
1742,2021-01-08,3824.68
1743,2021-01-11,3799.61
1744,2021-01-12,3801.19
1745,2021-01-13,3809.84
1746,2021-01-14,3795.54
1747,2021-01-15,3768.25
1748,2021-01-19,3798.91
1749,2021-01-20,3851.85
1750,2021-01-21,3853.07
1751,2021-01-22,3841.47
1752,2021-01-25,3855.36
1753,2021-01-26,3849.62
1754,2021-01-27,3750.77
1755,2021-01-28,3787.38
1756,2021-01-29,3714.24
1757,2021-02-01,3773.86
1758,2021-02-02,3826.31
1759,2021-02-03,3830.17
1760,2021-02-04,3871.74
1761,2021-02-05,3886.81
1762,2021-02-08,3915.59
1763,2021-02-09,3911.24
1764,2021-02-10,3909.9
1765,2021-02-11,3916.34
1766,2021-02-12,3934.84
1767,2021-02-16,3932.59
1768,2021-02-17,3931.33
1769,2021-02-18,3913.97
1770,2021-02-19,3906.71
1771,2021-02-22,3876.49
1772,2021-02-23,3881.37
1773,2021-02-24,3925.43
1774,2021-02-25,3829.34
1775,2021-02-26,3811.15
1776,2021-03-01,3901.81
1777,2021-03-02,3870.29
1778,2021-03-03,3819.72
1779,2021-03-04,3768.47
1780,2021-03-05,3841.94
1781,2021-03-08,3821.29
1782,2021-03-09,3875.43
1783,2021-03-10,3898.77
1784,2021-03-11,3939.34
1785,2021-03-12,3943.34
1786,2021-03-15,3968.94
1787,2021-03-16,3962.71
1788,2021-03-17,3974.12
1789,2021-03-18,3915.46
1790,2021-03-19,3913.1
1791,2021-03-22,3940.59
1792,2021-03-23,3910.52
1793,2021-03-24,3889.14
1794,2021-03-25,3909.52
1795,2021-03-26,3974.54
1796,2021-03-29,3971.1
1797,2021-03-30,3958.55
1798,2021-03-31,3972.89
1799,2021-04-01,4019.87
1800,2021-04-05,4077.91
1801,2021-04-06,4073.94
1802,2021-04-07,4079.95
1803,2021-04-08,4097.17
1804,2021-04-09,4128.8
1805,2021-04-12,4127.99
1806,2021-04-13,4141.59
1807,2021-04-14,4124.66
1808,2021-04-15,4170.42
1809,2021-04-16,4185.47
1810,2021-04-19,4163.26
1811,2021-04-20,4134.94
1812,2021-04-21,4173.42
1813,2021-04-22,4134.98
1814,2021-04-23,4180.17
1815,2021-04-26,4187.62
1816,2021-04-27,4186.72
1817,2021-04-28,4183.18
1818,2021-04-29,4211.47
1819,2021-04-30,4181.17
1820,2021-05-03,4192.66
1821,2021-05-04,4164.66
1822,2021-05-05,4167.59
1823,2021-05-06,4201.62
1824,2021-05-07,4232.6
1825,2021-05-10,4202.23
1826,2021-05-11,4152.09
1827,2021-05-12,4063.04
1828,2021-05-13,4112.5
1829,2021-05-14,4173.85
1830,2021-05-17,4163.29
1831,2021-05-18,4127.83
1832,2021-05-19,4115.68
1833,2021-05-20,4159.12
1834,2021-05-21,4155.86
1835,2021-05-24,4197.05
1836,2021-05-25,4188.13
1837,2021-05-26,4195.99
1838,2021-05-27,4200.88
1839,2021-05-28,4204.1099
1840,2021-06-01,4202.04
1841,2021-06-02,4208.12
1842,2021-06-03,4192.85
1843,2021-06-04,4229.89
1844,2021-06-07,4226.52
1845,2021-06-08,4227.26
1846,2021-06-09,4219.55
1847,2021-06-10,4239.18
1848,2021-06-11,4247.44
1849,2021-06-14,4255.15
1850,2021-06-15,4246.59
1851,2021-06-16,4223.7
1852,2021-06-17,4221.86
1853,2021-06-18,4166.45
1854,2021-06-21,4224.79
1855,2021-06-22,4246.44
1856,2021-06-23,4241.84
1857,2021-06-24,4266.49
1858,2021-06-25,4280.7
1859,2021-06-28,4290.61
1860,2021-06-29,4291.8
1861,2021-06-30,4297.5
1862,2021-07-01,4319.94
1863,2021-07-02,4352.34
1864,2021-07-06,4343.54
1865,2021-07-07,4358.13
1866,2021-07-08,4320.82
1867,2021-07-09,4369.55
1868,2021-07-12,4384.63
1869,2021-07-13,4369.21
1870,2021-07-14,4374.3
1871,2021-07-15,4360.03
1872,2021-07-16,4327.16
1873,2021-07-19,4258.49
1874,2021-07-20,4323.06
1875,2021-07-21,4358.69
1876,2021-07-22,4367.48
1877,2021-07-23,4411.79
1878,2021-07-26,4422.3
1879,2021-07-27,4401.46
1880,2021-07-28,4400.64
1881,2021-07-29,4419.15
1882,2021-07-30,4395.26
1883,2021-08-02,4387.16
1884,2021-08-03,4423.15
1885,2021-08-04,4402.66
1886,2021-08-05,4429.1
1887,2021-08-06,4436.52
1888,2021-08-09,4432.35
1889,2021-08-10,4436.75
1890,2021-08-11,4447.7
1891,2021-08-12,4460.83
1892,2021-08-13,4468.0
1893,2021-08-16,4479.71
1894,2021-08-17,4448.08
1895,2021-08-18,4400.27
1896,2021-08-19,4405.8
1897,2021-08-20,4441.67
1898,2021-08-23,4479.53
1899,2021-08-24,4486.23
1900,2021-08-25,4496.19
1901,2021-08-26,4470.0
1902,2021-08-27,4509.37
1903,2021-08-30,4528.79
1904,2021-08-31,4524.03
1905,2021-09-01,4524.09
1906,2021-09-02,4536.96
1907,2021-09-03,4535.43
1908,2021-09-07,4520.03
1909,2021-09-08,4514.07
1910,2021-09-09,4493.28
1911,2021-09-10,4458.58
1912,2021-09-13,4468.73
1913,2021-09-14,4443.05
1914,2021-09-15,4480.7
1915,2021-09-16,4473.75
1916,2021-09-17,4432.99
1917,2021-09-20,4357.73
1918,2021-09-21,4354.19
1919,2021-09-22,4395.64
1920,2021-09-23,4448.98
1921,2021-09-24,4455.48
1922,2021-09-27,4443.11
1923,2021-09-28,4352.63
1924,2021-09-29,4359.46
1925,2021-09-30,4307.54
1926,2021-10-01,4357.04
1927,2021-10-04,4300.46
1928,2021-10-05,4345.72
1929,2021-10-06,4363.55
1930,2021-10-07,4399.76
1931,2021-10-08,4391.34
1932,2021-10-11,4361.19
1933,2021-10-12,4350.65
1934,2021-10-13,4363.8
1935,2021-10-14,4438.26
1936,2021-10-15,4471.37
1937,2021-10-18,4486.46
1938,2021-10-19,4519.63
1939,2021-10-20,4536.19
1940,2021-10-21,4549.78
1941,2021-10-22,4544.9
1942,2021-10-25,4566.48
1943,2021-10-26,4574.79
1944,2021-10-27,4551.68
1945,2021-10-28,4596.42
1946,2021-10-29,4605.38
1947,2021-11-01,4613.67
1948,2021-11-02,4630.65
1949,2021-11-03,4660.57
1950,2021-11-04,4680.06
1951,2021-11-05,4697.53
1952,2021-11-08,4701.7
1953,2021-11-09,4685.25
1954,2021-11-10,4646.71
1955,2021-11-11,4649.27
1956,2021-11-12,4682.85
1957,2021-11-15,4682.8
1958,2021-11-16,4700.9
1959,2021-11-17,4688.67
1960,2021-11-18,4704.54
1961,2021-11-19,4697.96
1962,2021-11-22,4682.94
1963,2021-11-23,4690.7
1964,2021-11-24,4701.46
1965,2021-11-26,4594.62
1966,2021-11-29,4655.27
1967,2021-11-30,4567.0
1968,2021-12-01,4513.04
1969,2021-12-02,4577.1
1970,2021-12-03,4538.43
1971,2021-12-06,4591.67
1972,2021-12-07,4686.75
1973,2021-12-08,4701.21
1974,2021-12-09,4667.45
1975,2021-12-10,4712.02
1976,2021-12-13,4668.97
1977,2021-12-14,4634.09
1978,2021-12-15,4706.82
1979,2021-12-16,4668.67
1980,2021-12-17,4620.64
1981,2021-12-20,4568.02
1982,2021-12-21,4649.23
1983,2021-12-22,4696.56
1984,2021-12-23,4725.79
1985,2021-12-27,4791.19
1986,2021-12-28,4786.35
1987,2021-12-29,4793.06
1988,2021-12-30,4778.73
1989,2021-12-31,4766.18
1990,2022-01-03,4796.56
1991,2022-01-04,4807.39
1992,2022-01-05,4700.58
1993,2022-01-06,4696.05
1994,2022-01-07,4677.03
1995,2022-01-10,4670.29
1996,2022-01-11,4713.07
1997,2022-01-12,4726.35
1998,2022-01-13,4659.03
1999,2022-01-14,4662.85
2000,2022-01-18,4577.11
2001,2022-01-19,4532.76
2002,2022-01-20,4482.73
2003,2022-01-21,4397.94
2004,2022-01-24,4410.13
2005,2022-01-25,4356.45
2006,2022-01-26,4349.93
2007,2022-01-27,4326.51
2008,2022-01-28,4431.85
2009,2022-01-31,4515.55
2010,2022-02-01,4548.72
2011,2022-02-02,4589.38
2012,2022-02-03,4477.44
2013,2022-02-04,4500.53
2014,2022-02-07,4483.87
2015,2022-02-08,4521.54
2016,2022-02-09,4587.18
2017,2022-02-10,4504.08
2018,2022-02-11,4418.64
2019,2022-02-14,4401.67
2020,2022-02-15,4471.07
2021,2022-02-16,4475.01
2022,2022-02-17,4380.26
2023,2022-02-18,4348.87
2024,2022-02-22,4304.76
2025,2022-02-23,4225.5
2026,2022-02-24,4288.7
2027,2022-02-25,4384.65
2028,2022-02-28,4373.94
2029,2022-03-01,4306.26
2030,2022-03-02,4386.54
2031,2022-03-03,4363.49
2032,2022-03-04,4328.87
2033,2022-03-07,4201.09
2034,2022-03-08,4170.7
2035,2022-03-09,4277.88
2036,2022-03-10,4259.52
2037,2022-03-11,4204.31
2038,2022-03-14,4173.11
2039,2022-03-15,4262.45
2040,2022-03-16,4357.86
2041,2022-03-17,4411.67
2042,2022-03-18,4463.12
2043,2022-03-21,4461.18
2044,2022-03-22,4511.61
2045,2022-03-23,4456.24
2046,2022-03-24,4520.16
2047,2022-03-25,4543.06
2048,2022-03-28,4575.52
2049,2022-03-29,4631.6
2050,2022-03-30,4602.45
2051,2022-03-31,4530.41
2052,2022-04-01,4545.86
2053,2022-04-04,4582.64
2054,2022-04-05,4525.12
2055,2022-04-06,4481.15
2056,2022-04-07,4500.21
2057,2022-04-08,4488.28
2058,2022-04-11,4412.53
2059,2022-04-12,4397.45
2060,2022-04-13,4446.59
2061,2022-04-14,4392.59
2062,2022-04-18,4391.69
2063,2022-04-19,4462.21
2064,2022-04-20,4459.45
2065,2022-04-21,4393.66
2066,2022-04-22,4271.78
2067,2022-04-25,4296.12
2068,2022-04-26,4175.2
2069,2022-04-27,4183.96
2070,2022-04-28,4287.5
2071,2022-04-29,4131.93
2072,2022-05-02,4155.38
2073,2022-05-03,4175.48
2074,2022-05-04,4300.17
2075,2022-05-05,4146.87
2076,2022-05-06,4123.34
2077,2022-05-09,3991.24
2078,2022-05-10,4001.05
2079,2022-05-11,3935.18
2080,2022-05-12,3930.08
2081,2022-05-13,4023.89
2082,2022-05-16,4008.01
2083,2022-05-17,4088.85
2084,2022-05-18,3923.68
2085,2022-05-19,3900.79
2086,2022-05-20,3901.36
2087,2022-05-23,3973.75
2088,2022-05-24,3941.48
2089,2022-05-25,3978.73
2090,2022-05-26,4057.84
2091,2022-05-27,4158.24
2092,2022-05-31,4132.15
2093,2022-06-01,4101.23
2094,2022-06-02,4176.82
2095,2022-06-03,4108.54
2096,2022-06-06,4121.43
2097,2022-06-07,4160.68
2098,2022-06-08,4115.77
2099,2022-06-09,4017.82
2100,2022-06-10,3900.86
2101,2022-06-13,3749.63
2102,2022-06-14,3735.48
2103,2022-06-15,3789.99
2104,2022-06-16,3666.77
2105,2022-06-17,3674.84
2106,2022-06-21,3764.79
2107,2022-06-22,3759.89
2108,2022-06-23,3795.73
2109,2022-06-24,3911.74
2110,2022-06-27,3900.11
2111,2022-06-28,3821.55
2112,2022-06-29,3818.83
2113,2022-06-30,3785.38
2114,2022-07-01,3825.33
2115,2022-07-05,3831.39
2116,2022-07-06,3845.08
2117,2022-07-07,3902.62
2118,2022-07-08,3899.38
2119,2022-07-11,3854.43
2120,2022-07-12,3818.8
2121,2022-07-13,3801.78
2122,2022-07-14,3790.38
2123,2022-07-15,3863.16
2124,2022-07-18,3830.85
2125,2022-07-19,3936.69
2126,2022-07-20,3959.9
2127,2022-07-21,3998.95
2128,2022-07-22,3961.63
2129,2022-07-25,3966.84
2130,2022-07-26,3921.05
2131,2022-07-27,4023.61
2132,2022-07-28,4072.43
2133,2022-07-29,4130.29
2134,2022-08-01,4118.63
2135,2022-08-02,4091.19
2136,2022-08-03,4155.17
2137,2022-08-04,4151.94
2138,2022-08-05,4145.19
2139,2022-08-08,4140.06
2140,2022-08-09,4122.47
2141,2022-08-10,4210.24
2142,2022-08-11,4207.27
2143,2022-08-12,4280.15
2144,2022-08-15,4297.14
2145,2022-08-16,4305.2
2146,2022-08-17,4274.04
2147,2022-08-18,4283.74
2148,2022-08-19,4228.48
2149,2022-08-22,4137.99
2150,2022-08-23,4128.73
2151,2022-08-24,4140.77
2152,2022-08-25,4199.12
2153,2022-08-26,4057.66
2154,2022-08-29,4030.61
2155,2022-08-30,3986.16
2156,2022-08-31,3955.0
2157,2022-09-01,3966.85
2158,2022-09-02,3924.26
2159,2022-09-06,3908.19
2160,2022-09-07,3979.87
2161,2022-09-08,4006.18
2162,2022-09-09,4067.36
2163,2022-09-12,4110.41
2164,2022-09-13,3932.69
2165,2022-09-14,3946.01
2166,2022-09-15,3901.35
2167,2022-09-16,3873.33
2168,2022-09-19,3896.84
2169,2022-09-20,3855.93
2170,2022-09-21,3789.93
2171,2022-09-22,3757.99
2172,2022-09-23,3693.23
2173,2022-09-26,3655.04
2174,2022-09-27,3647.29
2175,2022-09-28,3719.04
2176,2022-09-29,3640.47
2177,2022-09-30,3585.62
2178,2022-10-03,3678.43
2179,2022-10-04,3790.93
2180,2022-10-05,3783.28
2181,2022-10-06,3744.52
2182,2022-10-07,3639.66
2183,2022-10-10,3612.39
2184,2022-10-11,3588.84
2185,2022-10-12,3577.03
2186,2022-10-13,3669.91
2187,2022-10-14,3583.07
2188,2022-10-17,3677.95
2189,2022-10-18,3719.98
2190,2022-10-19,3695.16
2191,2022-10-20,3665.78
2192,2022-10-21,3752.75
2193,2022-10-24,3797.34
2194,2022-10-25,3859.11
2195,2022-10-26,3830.6
2196,2022-10-27,3807.3
2197,2022-10-28,3901.06
2198,2022-10-31,3871.98
2199,2022-11-01,3856.1
2200,2022-11-02,3759.69
2201,2022-11-03,3719.89
2202,2022-11-04,3770.55
2203,2022-11-07,3806.8
2204,2022-11-08,3828.11
2205,2022-11-09,3748.57
2206,2022-11-10,3956.37
2207,2022-11-11,3992.93
2208,2022-11-14,3957.25
2209,2022-11-15,3991.73
2210,2022-11-16,3961.78
2211,2022-11-17,3944.89
2212,2022-11-18,3965.34
2213,2022-11-21,3949.94
2214,2022-11-22,4003.58
2215,2022-11-23,4027.26
2216,2022-11-25,4026.12
2217,2022-11-28,3963.94
2218,2022-11-29,3957.63
2219,2022-11-30,4080.11
2220,2022-12-01,4076.57
2221,2022-12-02,4071.7
2222,2022-12-05,3998.82
2223,2022-12-06,3941.26
2224,2022-12-07,3933.92
2225,2022-12-08,3963.51
2226,2022-12-09,3934.38
2227,2022-12-12,3990.56
2228,2022-12-13,4019.65
2229,2022-12-14,3995.32
2230,2022-12-15,3895.75
2231,2022-12-16,3852.36
2232,2022-12-19,3817.66
2233,2022-12-20,3821.62
2234,2022-12-21,3875.76
2235,2022-12-22,3822.39
2236,2022-12-23,3844.82
2237,2022-12-27,3829.25
2238,2022-12-28,3783.22
