,cash,dates
0,99807.97653858834,2014-01-16
1,99807.97653858834,2014-01-17
2,99807.97653858834,2014-01-21
3,99807.97653858834,2014-01-22
4,99807.97653858834,2014-01-23
5,99807.97653858834,2014-01-24
6,99807.97653858834,2014-01-27
7,99807.97653858834,2014-01-28
8,99807.97653858834,2014-01-29
9,100226.9830190537,2014-01-30
10,100226.9830190537,2014-01-31
11,100226.9830190537,2014-02-03
12,100226.9830190537,2014-02-04
13,100226.9830190537,2014-02-05
14,100226.9830190537,2014-02-06
15,100226.9830190537,2014-02-07
16,100226.9830190537,2014-02-10
17,100226.9830190537,2014-02-11
18,100226.9830190537,2014-02-12
19,100202.01733814117,2014-02-13
20,100202.01733814117,2014-02-14
21,100202.01733814117,2014-02-18
22,100202.01733814117,2014-02-19
23,100202.01733814117,2014-02-20
24,100202.01733814117,2014-02-21
25,100202.01733814117,2014-02-24
26,100202.01733814117,2014-02-25
27,100202.01733814117,2014-02-26
28,99823.79210686474,2014-02-27
29,99823.79210686474,2014-02-28
30,99823.79210686474,2014-03-03
31,99823.79210686474,2014-03-04
32,99823.79210686474,2014-03-05
33,99823.79210686474,2014-03-06
34,99823.79210686474,2014-03-07
35,99823.79210686474,2014-03-10
36,99823.79210686474,2014-03-11
37,99823.79210686474,2014-03-12
38,99818.6337710468,2014-03-13
39,99818.6337710468,2014-03-14
40,99818.6337710468,2014-03-17
41,99818.6337710468,2014-03-18
42,99818.6337710468,2014-03-19
43,99818.6337710468,2014-03-20
44,99818.6337710468,2014-03-21
45,99818.6337710468,2014-03-24
46,99818.6337710468,2014-03-25
47,99818.6337710468,2014-03-26
48,99810.51753659827,2014-03-27
49,99810.51753659827,2014-03-28
50,99810.51753659827,2014-03-31
51,99810.51753659827,2014-04-01
52,99810.51753659827,2014-04-02
53,99810.51753659827,2014-04-03
54,99810.51753659827,2014-04-04
55,99810.51753659827,2014-04-07
56,99810.51753659827,2014-04-08
57,99810.51753659827,2014-04-09
58,100010.64652276278,2014-04-10
59,100010.64652276278,2014-04-10
60,100152.23408304514,2014-04-11
61,100152.23408304514,2014-04-14
62,100152.23408304514,2014-04-15
63,100152.23408304514,2014-04-16
64,100152.23408304514,2014-04-17
65,100152.23408304514,2014-04-21
66,100152.23408304514,2014-04-22
67,100152.23408304514,2014-04-23
68,100152.23408304514,2014-04-24
69,99859.73818198447,2014-04-25
70,99859.73818198447,2014-04-28
71,99859.73818198447,2014-04-29
72,99859.73818198447,2014-04-30
73,99859.73818198447,2014-05-01
74,99859.73818198447,2014-05-02
75,99859.73818198447,2014-05-05
76,99859.73818198447,2014-05-06
77,99859.73818198447,2014-05-07
78,99859.73818198447,2014-05-08
79,99745.21002530583,2014-05-09
80,99745.21002530583,2014-05-12
81,99745.21002530583,2014-05-13
82,99745.21002530583,2014-05-14
83,99745.21002530583,2014-05-15
84,99745.21002530583,2014-05-16
85,99745.21002530583,2014-05-19
86,99745.21002530583,2014-05-20
87,99745.21002530583,2014-05-21
88,99745.21002530583,2014-05-22
89,99733.66395436545,2014-05-23
90,99733.66395436545,2014-05-27
91,99733.66395436545,2014-05-28
92,99733.66395436545,2014-05-29
93,99733.66395436545,2014-05-30
94,99733.66395436545,2014-06-02
95,99733.66395436545,2014-06-03
96,99733.66395436545,2014-06-04
97,99733.66395436545,2014-06-05
98,99744.67465452845,2014-06-06
99,99744.67465452845,2014-06-06
100,99941.84592863615,2014-06-09
101,99941.84592863615,2014-06-10
102,99941.84592863615,2014-06-11
103,99941.84592863615,2014-06-12
104,99941.84592863615,2014-06-13
105,99941.84592863615,2014-06-16
106,99941.84592863615,2014-06-17
107,99941.84592863615,2014-06-18
108,99941.84592863615,2014-06-19
109,99941.84592863615,2014-06-20
110,99544.66886745766,2014-06-23
111,99544.66886745766,2014-06-24
112,99544.66886745766,2014-06-25
113,99544.66886745766,2014-06-26
114,99544.66886745766,2014-06-27
115,99544.66886745766,2014-06-30
116,99544.66886745766,2014-07-01
117,99544.66886745766,2014-07-02
118,99544.66886745766,2014-07-03
119,99877.76448668863,2014-07-07
120,99877.76448668863,2014-07-08
121,99877.76448668863,2014-07-09
122,99877.76448668863,2014-07-10
123,99877.76448668863,2014-07-11
124,99877.76448668863,2014-07-14
125,99877.76448668863,2014-07-15
126,99877.76448668863,2014-07-16
127,99877.76448668863,2014-07-17
128,99877.76448668863,2014-07-18
129,99504.35631640944,2014-07-21
130,99504.35631640944,2014-07-22
131,99504.35631640944,2014-07-23
132,99504.35631640944,2014-07-24
133,99504.35631640944,2014-07-25
134,99504.35631640944,2014-07-28
135,99504.35631640944,2014-07-29
136,99504.35631640944,2014-07-30
137,99504.35631640944,2014-07-31
138,99504.35631640944,2014-08-01
139,99516.55965261254,2014-08-04
140,99516.55965261254,2014-08-05
141,99516.55965261254,2014-08-06
142,99516.55965261254,2014-08-07
143,99516.55965261254,2014-08-08
144,99516.55965261254,2014-08-11
145,99516.55965261254,2014-08-12
146,99516.55965261254,2014-08-13
147,99516.55965261254,2014-08-14
148,99516.55965261254,2014-08-15
149,99522.68288215535,2014-08-18
150,99522.68288215535,2014-08-19
151,99522.68288215535,2014-08-20
152,99522.68288215535,2014-08-21
153,99522.68288215535,2014-08-22
154,99522.68288215535,2014-08-25
155,99522.68288215535,2014-08-26
156,99522.68288215535,2014-08-27
157,99522.68288215535,2014-08-28
158,99522.68288215535,2014-08-29
159,99476.74056546258,2014-09-02
160,99476.74056546258,2014-09-03
161,99476.74056546258,2014-09-04
162,99476.74056546258,2014-09-05
163,99476.74056546258,2014-09-08
164,99476.74056546258,2014-09-09
165,99476.74056546258,2014-09-10
166,99476.74056546258,2014-09-11
167,99476.74056546258,2014-09-12
168,99476.74056546258,2014-09-15
169,99433.2423177643,2014-09-16
170,99433.2423177643,2014-09-17
171,99433.2423177643,2014-09-18
172,99433.2423177643,2014-09-19
173,99433.2423177643,2014-09-22
174,99433.2423177643,2014-09-23
175,99433.2423177643,2014-09-24
176,99433.2423177643,2014-09-25
177,99433.2423177643,2014-09-26
178,99433.2423177643,2014-09-29
179,99405.47603693767,2014-09-30
180,99405.47603693767,2014-10-01
181,99405.47603693767,2014-10-02
182,99405.47603693767,2014-10-03
183,99405.47603693767,2014-10-06
184,99405.47603693767,2014-10-07
185,99405.47603693767,2014-10-08
186,99405.47603693767,2014-10-09
187,99405.47603693767,2014-10-10
188,99405.47603693767,2014-10-13
189,99480.8750345305,2014-10-14
190,99480.8750345305,2014-10-15
191,99480.8750345305,2014-10-16
192,99480.8750345305,2014-10-17
193,99480.8750345305,2014-10-20
194,99480.8750345305,2014-10-21
195,99480.8750345305,2014-10-22
196,99480.8750345305,2014-10-23
197,99480.8750345305,2014-10-24
198,99480.8750345305,2014-10-27
199,99442.87647860555,2014-10-28
200,99442.87647860555,2014-10-29
201,99442.87647860555,2014-10-30
202,99442.87647860555,2014-10-31
203,99442.87647860555,2014-11-03
204,99442.87647860555,2014-11-04
205,99442.87647860555,2014-11-05
206,99442.87647860555,2014-11-06
207,99442.87647860555,2014-11-07
208,99442.87647860555,2014-11-10
209,99341.62825837605,2014-11-11
210,99341.62825837605,2014-11-12
211,99341.62825837605,2014-11-13
212,99341.62825837605,2014-11-14
213,99341.62825837605,2014-11-17
214,99341.62825837605,2014-11-18
215,99341.62825837605,2014-11-19
216,99341.62825837605,2014-11-20
217,99341.62825837605,2014-11-21
218,99341.62825837605,2014-11-24
219,99210.20590417436,2014-11-25
220,99210.20590417436,2014-11-26
221,99210.20590417436,2014-11-28
222,99210.20590417436,2014-12-01
223,99210.20590417436,2014-12-02
224,99210.20590417436,2014-12-03
225,99210.20590417436,2014-12-04
226,99210.20590417436,2014-12-05
227,99210.20590417436,2014-12-08
228,99496.51479757013,2014-12-09
229,99496.51479757013,2014-12-10
230,99496.51479757013,2014-12-11
231,99496.51479757013,2014-12-12
232,99496.51479757013,2014-12-15
233,99496.51479757013,2014-12-16
234,99496.51479757013,2014-12-17
235,99496.51479757013,2014-12-18
236,99496.51479757013,2014-12-19
237,99496.51479757013,2014-12-22
238,99236.27316203355,2014-12-23
239,99236.27316203355,2014-12-24
240,99236.27316203355,2014-12-26
241,99236.27316203355,2014-12-29
242,99236.27316203355,2014-12-30
243,99236.27316203355,2014-12-31
244,99236.27316203355,2015-01-02
245,99236.27316203355,2015-01-05
246,99587.1356852039,2015-01-06
247,99587.1356852039,2015-01-07
248,99587.1356852039,2015-01-08
249,99587.1356852039,2015-01-09
250,99587.1356852039,2015-01-12
251,99587.1356852039,2015-01-13
252,99587.1356852039,2015-01-14
253,99587.1356852039,2015-01-15
254,99587.1356852039,2015-01-16
255,99660.27706683338,2015-01-20
256,99660.27706683338,2015-01-21
257,99660.27706683338,2015-01-22
258,99660.27706683338,2015-01-23
259,99660.27706683338,2015-01-26
260,99660.27706683338,2015-01-27
261,99660.27706683338,2015-01-28
262,99660.27706683338,2015-01-29
263,99660.27706683338,2015-01-30
264,99660.27706683338,2015-02-02
265,99346.3327272901,2015-02-03
266,99346.3327272901,2015-02-04
267,99346.3327272901,2015-02-05
268,99346.3327272901,2015-02-06
269,99346.3327272901,2015-02-09
270,99346.3327272901,2015-02-10
271,99346.3327272901,2015-02-11
272,99346.3327272901,2015-02-12
273,99346.3327272901,2015-02-13
274,99610.6341872727,2015-02-17
275,99610.6341872727,2015-02-18
276,99610.6341872727,2015-02-19
277,99610.6341872727,2015-02-20
278,99610.6341872727,2015-02-23
279,99610.6341872727,2015-02-24
280,99610.6341872727,2015-02-25
281,99610.6341872727,2015-02-26
282,99610.6341872727,2015-02-27
283,99610.6341872727,2015-03-02
284,99565.2388450462,2015-03-03
285,99565.2388450462,2015-03-03
286,99777.5604331266,2015-03-04
287,99777.5604331266,2015-03-05
288,99777.5604331266,2015-03-06
289,99777.5604331266,2015-03-09
290,99777.5604331266,2015-03-10
291,99777.5604331266,2015-03-11
292,99777.5604331266,2015-03-12
293,99777.5604331266,2015-03-13
294,99777.5604331266,2015-03-16
295,99777.5604331266,2015-03-17
296,99339.4998149618,2015-03-18
297,99339.4998149618,2015-03-19
298,99339.4998149618,2015-03-20
299,99339.4998149618,2015-03-23
300,99339.4998149618,2015-03-24
301,99339.4998149618,2015-03-25
302,99339.4998149618,2015-03-26
303,99339.4998149618,2015-03-27
304,99339.4998149618,2015-03-30
305,99339.4998149618,2015-03-31
306,99590.93229287831,2015-04-01
307,99590.93229287831,2015-04-01
308,99375.52659414288,2015-04-02
309,99375.52659414288,2015-04-06
310,99375.52659414288,2015-04-07
311,99375.52659414288,2015-04-08
312,99375.52659414288,2015-04-09
313,99375.52659414288,2015-04-10
314,99375.52659414288,2015-04-13
315,99375.52659414288,2015-04-14
316,99375.52659414288,2015-04-15
317,99327.92248489597,2015-04-16
318,99327.92248489597,2015-04-17
319,99327.92248489597,2015-04-20
320,99327.92248489597,2015-04-21
321,99327.92248489597,2015-04-22
322,99327.92248489597,2015-04-23
323,99327.92248489597,2015-04-24
324,99327.92248489597,2015-04-27
325,99327.92248489597,2015-04-28
326,99327.92248489597,2015-04-29
327,99521.71688592398,2015-04-30
328,99521.71688592398,2015-04-30
329,99302.33686187347,2015-05-01
330,99302.33686187347,2015-05-04
331,99302.33686187347,2015-05-05
332,99302.33686187347,2015-05-06
333,99302.33686187347,2015-05-07
334,99302.33686187347,2015-05-08
335,99302.33686187347,2015-05-11
336,99302.33686187347,2015-05-12
337,99302.33686187347,2015-05-13
338,99302.33686187347,2015-05-14
339,99279.6940729148,2015-05-15
340,99279.6940729148,2015-05-18
341,99279.6940729148,2015-05-19
342,99279.6940729148,2015-05-20
343,99279.6940729148,2015-05-21
344,99279.6940729148,2015-05-22
345,99279.6940729148,2015-05-26
346,99279.6940729148,2015-05-27
347,99279.6940729148,2015-05-28
348,99702.17074361247,2015-05-29
349,99702.17074361247,2015-06-01
350,99702.17074361247,2015-06-02
351,99702.17074361247,2015-06-03
352,99702.17074361247,2015-06-04
353,99702.17074361247,2015-06-05
354,99702.17074361247,2015-06-08
355,99702.17074361247,2015-06-09
356,99702.17074361247,2015-06-10
357,99702.17074361247,2015-06-11
358,99682.8196095415,2015-06-12
359,99682.8196095415,2015-06-15
360,99682.8196095415,2015-06-16
361,99682.8196095415,2015-06-17
362,99682.8196095415,2015-06-18
363,99682.8196095415,2015-06-19
364,99682.8196095415,2015-06-22
365,99682.8196095415,2015-06-23
366,99682.8196095415,2015-06-24
367,99682.8196095415,2015-06-25
368,99238.42171742886,2015-06-26
369,99238.42171742886,2015-06-29
370,99238.42171742886,2015-06-30
371,99238.42171742886,2015-07-01
372,99238.42171742886,2015-07-02
373,99238.42171742886,2015-07-06
374,99238.42171742886,2015-07-07
375,99238.42171742886,2015-07-08
376,99238.42171742886,2015-07-09
377,99365.92781483661,2015-07-10
378,99365.92781483661,2015-07-13
379,99365.92781483661,2015-07-14
380,99365.92781483661,2015-07-15
381,99365.92781483661,2015-07-16
382,99365.92781483661,2015-07-17
383,99365.92781483661,2015-07-20
384,99365.92781483661,2015-07-21
385,99365.92781483661,2015-07-22
386,99365.92781483661,2015-07-23
387,99815.59695655988,2015-07-24
388,99815.59695655988,2015-07-27
389,99815.59695655988,2015-07-28
390,99815.59695655988,2015-07-29
391,99815.59695655988,2015-07-30
392,99815.59695655988,2015-07-31
393,99815.59695655988,2015-08-03
394,99815.59695655988,2015-08-04
395,99815.59695655988,2015-08-05
396,99815.59695655988,2015-08-06
397,99349.55501840856,2015-08-07
398,99349.55501840856,2015-08-10
399,99349.55501840856,2015-08-11
400,99349.55501840856,2015-08-12
401,99349.55501840856,2015-08-13
402,99349.55501840856,2015-08-14
403,99349.55501840856,2015-08-17
404,99349.55501840856,2015-08-18
405,99349.55501840856,2015-08-19
406,99349.55501840856,2015-08-20
407,99690.19079584407,2015-08-21
408,99690.19079584407,2015-08-21
409,99690.19079584407,2015-08-24
410,99690.19079584407,2015-08-25
411,99487.00838712142,2015-08-26
412,99487.00838712142,2015-08-27
413,99487.00838712142,2015-08-28
414,99487.00838712142,2015-08-31
415,99487.00838712142,2015-09-01
416,99487.00838712142,2015-09-02
417,99487.00838712142,2015-09-03
418,99487.00838712142,2015-09-04
419,99487.00838712142,2015-09-08
420,99483.0102625462,2015-09-09
421,99483.0102625462,2015-09-10
422,99483.0102625462,2015-09-11
423,99483.0102625462,2015-09-14
424,99483.0102625462,2015-09-15
425,99483.0102625462,2015-09-16
426,99483.0102625462,2015-09-17
427,99483.0102625462,2015-09-18
428,99483.0102625462,2015-09-21
429,99483.0102625462,2015-09-22
430,99878.88804825536,2015-09-23
431,99878.88804825536,2015-09-24
432,99878.88804825536,2015-09-25
433,99878.88804825536,2015-09-28
434,99878.88804825536,2015-09-29
435,99878.88804825536,2015-09-30
436,99878.88804825536,2015-10-01
437,99878.88804825536,2015-10-02
438,99878.88804825536,2015-10-05
439,99878.88804825536,2015-10-06
440,99518.25015746917,2015-10-07
441,99518.25015746917,2015-10-08
442,99518.25015746917,2015-10-09
443,99518.25015746917,2015-10-12
444,99518.25015746917,2015-10-13
445,99518.25015746917,2015-10-14
446,99518.25015746917,2015-10-15
447,99518.25015746917,2015-10-16
448,99518.25015746917,2015-10-19
449,99518.25015746917,2015-10-20
450,99844.05642984614,2015-10-21
451,99844.05642984614,2015-10-22
452,99844.05642984614,2015-10-23
453,99844.05642984614,2015-10-26
454,99844.05642984614,2015-10-27
455,99844.05642984614,2015-10-28
456,99844.05642984614,2015-10-29
457,99844.05642984614,2015-10-30
458,99844.05642984614,2015-11-02
459,99844.05642984614,2015-11-03
460,99582.39265647688,2015-11-04
461,99582.39265647688,2015-11-05
462,99582.39265647688,2015-11-06
463,99582.39265647688,2015-11-09
464,99582.39265647688,2015-11-10
465,99582.39265647688,2015-11-11
466,99582.39265647688,2015-11-12
467,99582.39265647688,2015-11-13
468,99582.39265647688,2015-11-16
469,99582.39265647688,2015-11-17
470,99568.65331426125,2015-11-18
471,99568.65331426125,2015-11-19
472,99568.65331426125,2015-11-20
473,99568.65331426125,2015-11-23
474,99568.65331426125,2015-11-24
475,99568.65331426125,2015-11-25
476,99568.65331426125,2015-11-27
477,99568.65331426125,2015-11-30
478,99568.65331426125,2015-12-01
479,99415.13190383463,2015-12-02
480,99415.13190383463,2015-12-03
481,99415.13190383463,2015-12-04
482,99415.13190383463,2015-12-07
483,99415.13190383463,2015-12-08
484,99415.13190383463,2015-12-09
485,99415.13190383463,2015-12-10
486,99415.13190383463,2015-12-11
487,99415.13190383463,2015-12-14
488,99415.13190383463,2015-12-15
489,99264.82871886826,2015-12-16
490,99264.82871886826,2015-12-17
491,99264.82871886826,2015-12-18
492,99264.82871886826,2015-12-21
493,99264.82871886826,2015-12-22
494,99264.82871886826,2015-12-23
495,99264.82871886826,2015-12-24
496,99264.82871886826,2015-12-28
497,99264.82871886826,2015-12-29
498,99128.08596922073,2015-12-30
499,99128.08596922073,2015-12-31
500,99128.08596922073,2016-01-04
501,99128.08596922073,2016-01-05
502,99128.08596922073,2016-01-06
503,99128.08596922073,2016-01-07
504,99128.08596922073,2016-01-08
505,99128.08596922073,2016-01-11
506,99128.08596922073,2016-01-12
507,99177.27224047537,2016-01-13
508,99177.27224047537,2016-01-14
509,99177.27224047537,2016-01-15
510,99177.27224047537,2016-01-19
511,99177.27224047537,2016-01-20
512,99177.27224047537,2016-01-21
513,99177.27224047537,2016-01-22
514,99177.27224047537,2016-01-25
515,99177.27224047537,2016-01-26
516,99239.46361952771,2016-01-27
517,99239.46361952771,2016-01-28
518,99239.46361952771,2016-01-29
519,99239.46361952771,2016-02-01
520,99239.46361952771,2016-02-02
521,99239.46361952771,2016-02-03
522,99239.46361952771,2016-02-04
523,99239.46361952771,2016-02-05
524,99239.46361952771,2016-02-08
525,99239.46361952771,2016-02-09
526,99714.95110963982,2016-02-10
527,99714.95110963982,2016-02-11
528,99714.95110963982,2016-02-12
529,99714.95110963982,2016-02-16
530,99714.95110963982,2016-02-17
531,99714.95110963982,2016-02-18
532,99714.95110963982,2016-02-19
533,99714.95110963982,2016-02-22
534,99714.95110963982,2016-02-23
535,99297.66338114774,2016-02-24
536,99297.66338114774,2016-02-25
537,99297.66338114774,2016-02-26
538,99297.66338114774,2016-02-29
539,99297.66338114774,2016-03-01
540,99297.66338114774,2016-03-02
541,99297.66338114774,2016-03-03
542,99297.66338114774,2016-03-04
543,99297.66338114774,2016-03-07
544,99297.66338114774,2016-03-08
545,99244.18026981871,2016-03-09
546,99244.18026981871,2016-03-10
547,99244.18026981871,2016-03-11
548,99244.18026981871,2016-03-14
549,99244.18026981871,2016-03-15
550,99244.18026981871,2016-03-16
551,99244.18026981871,2016-03-17
552,99244.18026981871,2016-03-18
553,99244.18026981871,2016-03-21
554,99244.18026981871,2016-03-22
555,99492.49041433056,2016-03-23
556,99492.49041433056,2016-03-24
557,99492.49041433056,2016-03-28
558,99492.49041433056,2016-03-29
559,99492.49041433056,2016-03-30
560,99492.49041433056,2016-03-31
561,99492.49041433056,2016-04-01
562,99492.49041433056,2016-04-04
563,99492.49041433056,2016-04-05
564,99624.9587717557,2016-04-06
565,99624.9587717557,2016-04-07
566,99624.9587717557,2016-04-08
567,99624.9587717557,2016-04-11
568,99624.9587717557,2016-04-12
569,99624.9587717557,2016-04-13
570,99624.9587717557,2016-04-14
571,99624.9587717557,2016-04-15
572,99624.9587717557,2016-04-18
573,99624.9587717557,2016-04-19
574,99798.10065090308,2016-04-20
575,99798.10065090308,2016-04-21
576,99798.10065090308,2016-04-22
577,99798.10065090308,2016-04-25
578,99798.10065090308,2016-04-26
579,99798.10065090308,2016-04-27
580,99798.10065090308,2016-04-28
581,99798.10065090308,2016-04-29
582,99798.10065090308,2016-05-02
583,99798.10065090308,2016-05-03
584,99800.53851061448,2016-05-04
585,99800.53851061448,2016-05-05
586,99800.53851061448,2016-05-06
587,99800.53851061448,2016-05-09
588,99800.53851061448,2016-05-10
589,99800.53851061448,2016-05-11
590,99800.53851061448,2016-05-12
591,99800.53851061448,2016-05-13
592,99800.53851061448,2016-05-16
593,99800.53851061448,2016-05-17
594,99907.4809305195,2016-05-18
595,99907.4809305195,2016-05-19
596,99907.4809305195,2016-05-20
597,99907.4809305195,2016-05-23
598,99907.4809305195,2016-05-24
599,99907.4809305195,2016-05-25
600,99907.4809305195,2016-05-26
601,99907.4809305195,2016-05-27
602,99907.4809305195,2016-05-31
603,99687.21701640131,2016-06-01
604,99687.21701640131,2016-06-02
605,99687.21701640131,2016-06-03
606,99687.21701640131,2016-06-06
607,99687.21701640131,2016-06-07
608,99687.21701640131,2016-06-08
609,99687.21701640131,2016-06-09
610,99687.21701640131,2016-06-10
611,99687.21701640131,2016-06-13
612,99687.21701640131,2016-06-14
613,99542.5051694379,2016-06-15
614,99542.5051694379,2016-06-16
615,99542.5051694379,2016-06-17
616,99542.5051694379,2016-06-20
617,99542.5051694379,2016-06-21
618,99542.5051694379,2016-06-22
619,99542.5051694379,2016-06-23
620,99542.5051694379,2016-06-24
621,99542.5051694379,2016-06-27
622,99542.5051694379,2016-06-28
623,99398.28056702095,2016-06-29
624,99398.28056702095,2016-06-30
625,99398.28056702095,2016-07-01
626,99398.28056702095,2016-07-05
627,99398.28056702095,2016-07-06
628,99398.28056702095,2016-07-07
629,99398.28056702095,2016-07-08
630,99398.28056702095,2016-07-11
631,99398.28056702095,2016-07-12
632,99184.83229607623,2016-07-13
633,99184.83229607623,2016-07-14
634,99184.83229607623,2016-07-15
635,99184.83229607623,2016-07-18
636,99184.83229607623,2016-07-19
637,99184.83229607623,2016-07-20
638,99184.83229607623,2016-07-21
639,99184.83229607623,2016-07-22
640,99184.83229607623,2016-07-25
641,99184.83229607623,2016-07-26
642,98998.27209879679,2016-07-27
643,98998.27209879679,2016-07-28
644,98998.27209879679,2016-07-29
645,98998.27209879679,2016-08-01
646,98998.27209879679,2016-08-02
647,98998.27209879679,2016-08-03
648,98998.27209879679,2016-08-04
649,98998.27209879679,2016-08-05
650,98998.27209879679,2016-08-08
651,98998.27209879679,2016-08-09
652,98803.2131446255,2016-08-10
653,98803.2131446255,2016-08-11
654,98803.2131446255,2016-08-12
655,98803.2131446255,2016-08-15
656,98803.2131446255,2016-08-16
657,98803.2131446255,2016-08-17
658,98803.2131446255,2016-08-18
659,98803.2131446255,2016-08-19
660,98803.2131446255,2016-08-22
661,98803.2131446255,2016-08-23
662,98652.02143091042,2016-08-24
663,98652.02143091042,2016-08-25
664,98652.02143091042,2016-08-26
665,98652.02143091042,2016-08-29
666,98652.02143091042,2016-08-30
667,98652.02143091042,2016-08-31
668,98652.02143091042,2016-09-01
669,98652.02143091042,2016-09-02
670,98652.02143091042,2016-09-06
671,98547.87987216336,2016-09-07
672,98547.87987216336,2016-09-08
673,98547.87987216336,2016-09-09
674,98547.87987216336,2016-09-12
675,98547.87987216336,2016-09-13
676,98547.87987216336,2016-09-14
677,98547.87987216336,2016-09-15
678,98547.87987216336,2016-09-16
679,98547.87987216336,2016-09-19
680,98547.87987216336,2016-09-20
681,98357.9378394092,2016-09-21
682,98357.9378394092,2016-09-22
683,98357.9378394092,2016-09-23
684,98357.9378394092,2016-09-26
685,98357.9378394092,2016-09-27
686,98357.9378394092,2016-09-28
687,98357.9378394092,2016-09-29
688,98357.9378394092,2016-09-30
689,98357.9378394092,2016-10-03
690,98357.9378394092,2016-10-04
691,98334.07836244075,2016-10-05
692,98334.07836244075,2016-10-06
693,98334.07836244075,2016-10-07
694,98334.07836244075,2016-10-10
695,98334.07836244075,2016-10-11
696,98334.07836244075,2016-10-12
697,98334.07836244075,2016-10-13
698,98334.07836244075,2016-10-14
699,98334.07836244075,2016-10-17
700,98334.07836244075,2016-10-18
701,98553.17278814652,2016-10-19
702,98553.17278814652,2016-10-20
703,98553.17278814652,2016-10-21
704,98553.17278814652,2016-10-24
705,98553.17278814652,2016-10-25
706,98553.17278814652,2016-10-26
707,98553.17278814652,2016-10-27
708,98553.17278814652,2016-10-28
709,98553.17278814652,2016-10-31
710,98553.17278814652,2016-11-01
711,98721.17368486812,2016-11-02
712,98721.17368486812,2016-11-03
713,98721.17368486812,2016-11-04
714,98721.17368486812,2016-11-07
715,98721.17368486812,2016-11-08
716,98721.17368486812,2016-11-09
717,98721.17368486812,2016-11-10
718,98721.17368486812,2016-11-11
719,98721.17368486812,2016-11-14
720,98721.17368486812,2016-11-15
721,98458.64859714013,2016-11-16
722,98458.64859714013,2016-11-17
723,98458.64859714013,2016-11-18
724,98458.64859714013,2016-11-21
725,98458.64859714013,2016-11-22
726,98458.64859714013,2016-11-23
727,98458.64859714013,2016-11-25
728,98458.64859714013,2016-11-28
729,98458.64859714013,2016-11-29
730,98285.45725312388,2016-11-30
731,98285.45725312388,2016-12-01
732,98285.45725312388,2016-12-02
733,98285.45725312388,2016-12-05
734,98285.45725312388,2016-12-06
735,98285.45725312388,2016-12-07
736,98285.45725312388,2016-12-08
737,98285.45725312388,2016-12-09
738,98285.45725312388,2016-12-12
739,98285.45725312388,2016-12-13
740,98159.73308352992,2016-12-14
741,98159.73308352992,2016-12-15
742,98159.73308352992,2016-12-16
743,98159.73308352992,2016-12-19
744,98159.73308352992,2016-12-20
745,98159.73308352992,2016-12-21
746,98159.73308352992,2016-12-22
747,98159.73308352992,2016-12-23
748,98159.73308352992,2016-12-27
749,98031.31498774061,2016-12-28
750,98031.31498774061,2016-12-29
751,98031.31498774061,2016-12-30
752,98031.31498774061,2017-01-03
753,98031.31498774061,2017-01-04
754,98031.31498774061,2017-01-05
755,98031.31498774061,2017-01-06
756,98031.31498774061,2017-01-09
757,98031.31498774061,2017-01-10
758,97924.73015397383,2017-01-11
759,97924.73015397383,2017-01-12
760,97924.73015397383,2017-01-13
761,97924.73015397383,2017-01-17
762,97924.73015397383,2017-01-18
763,97924.73015397383,2017-01-19
764,97924.73015397383,2017-01-20
765,97924.73015397383,2017-01-23
766,97924.73015397383,2017-01-24
767,98311.87969960534,2017-01-25
768,98311.87969960534,2017-01-26
769,98311.87969960534,2017-01-27
770,98311.87969960534,2017-01-30
771,98311.87969960534,2017-01-31
772,98311.87969960534,2017-02-01
773,98311.87969960534,2017-02-02
774,98311.87969960534,2017-02-03
775,98311.87969960534,2017-02-06
776,98311.87969960534,2017-02-07
777,97917.58159615718,2017-02-08
778,97917.58159615718,2017-02-09
779,97917.58159615718,2017-02-10
780,97917.58159615718,2017-02-13
781,97917.58159615718,2017-02-14
782,97917.58159615718,2017-02-15
783,97917.58159615718,2017-02-16
784,97917.58159615718,2017-02-17
785,97917.58159615718,2017-02-21
786,97888.56586936356,2017-02-22
787,97888.56586936356,2017-02-23
788,97888.56586936356,2017-02-24
789,97888.56586936356,2017-02-27
790,97888.56586936356,2017-02-28
791,97888.56586936356,2017-03-01
792,97888.56586936356,2017-03-02
793,97888.56586936356,2017-03-03
794,97888.56586936356,2017-03-06
795,97888.56586936356,2017-03-07
796,97859.34302516741,2017-03-08
797,97859.34302516741,2017-03-09
798,97859.34302516741,2017-03-10
799,97859.34302516741,2017-03-13
800,97859.34302516741,2017-03-14
801,97859.34302516741,2017-03-15
802,97859.34302516741,2017-03-16
803,97859.34302516741,2017-03-17
804,97859.34302516741,2017-03-20
805,97859.34302516741,2017-03-21
806,98300.85930009927,2017-03-22
807,98300.85930009927,2017-03-23
808,98300.85930009927,2017-03-24
809,98300.85930009927,2017-03-27
810,98300.85930009927,2017-03-28
811,98300.85930009927,2017-03-29
812,98300.85930009927,2017-03-30
813,98300.85930009927,2017-03-31
814,98300.85930009927,2017-04-03
815,98300.85930009927,2017-04-04
816,98324.9217080896,2017-04-05
817,98324.9217080896,2017-04-06
818,98324.9217080896,2017-04-07
819,98324.9217080896,2017-04-10
820,98324.9217080896,2017-04-11
821,98324.9217080896,2017-04-12
822,98324.9217080896,2017-04-13
823,98324.9217080896,2017-04-17
824,98324.9217080896,2017-04-18
825,98362.66184569684,2017-04-19
826,98362.66184569684,2017-04-20
827,98362.66184569684,2017-04-21
828,98362.66184569684,2017-04-24
829,98362.66184569684,2017-04-25
830,98362.66184569684,2017-04-26
831,98362.66184569684,2017-04-27
832,98362.66184569684,2017-04-28
833,98362.66184569684,2017-05-01
834,98362.66184569684,2017-05-02
835,100465.16186012885,2017-05-03
836,100465.16186012885,2017-05-04
837,100465.16186012885,2017-05-05
838,100465.16186012885,2017-05-08
839,100465.16186012885,2017-05-09
840,100465.16186012885,2017-05-10
841,100465.16186012885,2017-05-11
842,100465.16186012885,2017-05-12
843,100465.16186012885,2017-05-15
844,100465.16186012885,2017-05-16
845,100001.17926259329,2017-05-17
846,100001.17926259329,2017-05-18
847,100001.17926259329,2017-05-19
848,100001.17926259329,2017-05-22
849,100001.17926259329,2017-05-23
850,100001.17926259329,2017-05-24
851,100001.17926259329,2017-05-25
852,100001.17926259329,2017-05-26
853,100001.17926259329,2017-05-30
854,100266.91875942529,2017-05-31
855,100266.91875942529,2017-05-31
856,102660.52785942529,2017-06-01
857,102660.52785942529,2017-06-02
858,102660.52785942529,2017-06-05
859,102660.52785942529,2017-06-06
860,102660.52785942529,2017-06-07
861,102660.52785942529,2017-06-08
862,102660.52785942529,2017-06-09
863,102660.52785942529,2017-06-12
864,102660.52785942529,2017-06-13
865,102660.52785942529,2017-06-14
866,102466.08695938728,2017-06-15
867,102466.08695938728,2017-06-15
868,102466.08695938728,2017-06-16
869,102466.08695938728,2017-06-19
870,104866.56150938728,2017-06-20
871,104866.56150938728,2017-06-21
872,104866.56150938728,2017-06-22
873,104866.56150938728,2017-06-23
874,104866.56150938728,2017-06-26
875,104866.56150938728,2017-06-27
876,104866.56150938728,2017-06-28
877,104866.56150938728,2017-06-29
878,104866.56150938728,2017-06-30
879,104866.56150938728,2017-07-03
880,104646.89216438727,2017-07-05
881,104646.89216438727,2017-07-05
882,104646.89216438727,2017-07-06
883,104646.89216438727,2017-07-07
884,104886.25438432161,2017-07-10
885,104886.25438432161,2017-07-11
886,104886.25438432161,2017-07-12
887,104886.25438432161,2017-07-13
888,104886.25438432161,2017-07-14
889,104886.25438432161,2017-07-17
890,104886.25438432161,2017-07-18
891,104886.25438432161,2017-07-19
892,104886.25438432161,2017-07-20
893,104886.25438432161,2017-07-21
894,104840.45716322608,2017-07-24
895,104840.45716322608,2017-07-25
896,104840.45716322608,2017-07-26
897,104840.45716322608,2017-07-27
898,104840.45716322608,2017-07-28
899,104840.45716322608,2017-07-31
900,104840.45716322608,2017-08-01
901,104840.45716322608,2017-08-02
902,104840.45716322608,2017-08-03
903,104840.45716322608,2017-08-04
904,104287.42421059763,2017-08-07
905,104287.42421059763,2017-08-08
906,104287.42421059763,2017-08-09
907,104287.42421059763,2017-08-10
908,104287.42421059763,2017-08-11
909,104287.42421059763,2017-08-14
910,104287.42421059763,2017-08-15
911,104287.42421059763,2017-08-16
912,104287.42421059763,2017-08-17
913,104287.42421059763,2017-08-18
914,104280.63570022008,2017-08-21
915,104280.63570022008,2017-08-22
916,104280.63570022008,2017-08-23
917,104280.63570022008,2017-08-24
918,104280.63570022008,2017-08-25
919,104280.63570022008,2017-08-28
920,104280.63570022008,2017-08-29
921,104280.63570022008,2017-08-30
922,104280.63570022008,2017-08-31
923,104280.63570022008,2017-09-01
924,104341.8558279417,2017-09-05
925,104341.8558279417,2017-09-06
926,104341.8558279417,2017-09-07
927,104341.8558279417,2017-09-08
928,104341.8558279417,2017-09-11
929,104341.8558279417,2017-09-12
930,104341.8558279417,2017-09-13
931,104341.8558279417,2017-09-14
932,104341.8558279417,2017-09-15
933,104341.8558279417,2017-09-18
934,104658.9893829417,2017-09-19
935,104658.9893829417,2017-09-19
936,104507.11093079123,2017-09-20
937,104507.11093079123,2017-09-21
938,104507.11093079123,2017-09-22
939,104507.11093079123,2017-09-25
940,104507.11093079123,2017-09-26
941,104507.11093079123,2017-09-27
942,104507.11093079123,2017-09-28
943,104507.11093079123,2017-09-29
944,104507.11093079123,2017-10-02
945,104507.11093079123,2017-10-03
946,104876.72650075828,2017-10-04
947,104876.72650075828,2017-10-05
948,104876.72650075828,2017-10-06
949,104876.72650075828,2017-10-09
950,104876.72650075828,2017-10-10
951,104876.72650075828,2017-10-11
952,104876.72650075828,2017-10-12
953,104876.72650075828,2017-10-13
954,104876.72650075828,2017-10-16
955,104876.72650075828,2017-10-17
956,104778.19732293427,2017-10-18
957,104778.19732293427,2017-10-18
958,104888.84929455759,2017-10-19
959,104888.84929455759,2017-10-20
960,104888.84929455759,2017-10-23
961,104888.84929455759,2017-10-24
962,104888.84929455759,2017-10-25
963,104888.84929455759,2017-10-26
964,104888.84929455759,2017-10-27
965,104888.84929455759,2017-10-30
966,104888.84929455759,2017-10-31
967,104888.84929455759,2017-11-01
968,104757.99598277258,2017-11-02
969,104757.99598277258,2017-11-02
970,104757.99598277258,2017-11-03
971,104757.99598277258,2017-11-06
972,104928.55930373257,2017-11-07
973,104928.55930373257,2017-11-08
974,104928.55930373257,2017-11-09
975,104928.55930373257,2017-11-10
976,104928.55930373257,2017-11-13
977,104928.55930373257,2017-11-14
978,104928.55930373257,2017-11-15
979,104928.55930373257,2017-11-16
980,104928.55930373257,2017-11-17
981,104928.55930373257,2017-11-20
982,104515.48530019572,2017-11-21
983,104515.48530019572,2017-11-22
984,104515.48530019572,2017-11-24
985,104515.48530019572,2017-11-27
986,104515.48530019572,2017-11-28
987,104515.48530019572,2017-11-29
988,104515.48530019572,2017-11-30
989,104515.48530019572,2017-12-01
990,104515.48530019572,2017-12-04
991,104502.66287959485,2017-12-05
992,104502.66287959485,2017-12-06
993,104502.66287959485,2017-12-07
994,104502.66287959485,2017-12-08
995,104502.66287959485,2017-12-11
996,104502.66287959485,2017-12-12
997,104502.66287959485,2017-12-13
998,104502.66287959485,2017-12-14
999,104502.66287959485,2017-12-15
1000,104502.66287959485,2017-12-18
1001,105027.5490356833,2017-12-19
1002,105027.5490356833,2017-12-20
1003,105027.5490356833,2017-12-21
1004,105027.5490356833,2017-12-22
1005,105027.5490356833,2017-12-26
1006,105027.5490356833,2017-12-27
1007,105027.5490356833,2017-12-28
1008,105027.5490356833,2017-12-29
1009,104745.43416236331,2018-01-02
1010,104745.43416236331,2018-01-02
1011,104572.45689640516,2018-01-03
1012,104572.45689640516,2018-01-04
1013,104572.45689640516,2018-01-05
1014,104572.45689640516,2018-01-08
1015,104572.45689640516,2018-01-09
1016,104572.45689640516,2018-01-10
1017,104572.45689640516,2018-01-11
1018,104572.45689640516,2018-01-12
1019,104572.45689640516,2018-01-16
1020,107413.63423660216,2018-01-17
1021,107413.63423660216,2018-01-18
1022,107413.63423660216,2018-01-19
1023,107413.63423660216,2018-01-22
1024,107413.63423660216,2018-01-23
1025,107413.63423660216,2018-01-24
1026,107413.63423660216,2018-01-25
1027,107413.63423660216,2018-01-26
1028,107413.63423660216,2018-01-29
1029,107413.63423660216,2018-01-30
1030,110133.70357639916,2018-01-31
1031,110133.70357639916,2018-02-01
1032,110133.70357639916,2018-02-02
1033,110133.70357639916,2018-02-05
1034,110133.70357639916,2018-02-06
1035,110133.70357639916,2018-02-07
1036,110133.70357639916,2018-02-08
1037,110133.70357639916,2018-02-09
1038,110133.70357639916,2018-02-12
1039,110133.70357639916,2018-02-13
1040,109862.43288752131,2018-02-14
1041,109862.43288752131,2018-02-15
1042,109862.43288752131,2018-02-16
1043,109862.43288752131,2018-02-20
1044,109862.43288752131,2018-02-21
1045,109862.43288752131,2018-02-22
1046,109862.43288752131,2018-02-23
1047,109862.43288752131,2018-02-26
1048,109862.43288752131,2018-02-27
1049,109748.03678100074,2018-02-28
1050,109748.03678100074,2018-03-01
1051,109748.03678100074,2018-03-02
1052,109748.03678100074,2018-03-05
1053,109748.03678100074,2018-03-06
1054,109748.03678100074,2018-03-07
1055,109748.03678100074,2018-03-08
1056,109748.03678100074,2018-03-09
1057,109748.03678100074,2018-03-12
1058,109748.03678100074,2018-03-13
1059,110150.24222799407,2018-03-14
1060,110150.24222799407,2018-03-15
1061,110150.24222799407,2018-03-16
1062,110150.24222799407,2018-03-19
1063,110150.24222799407,2018-03-20
1064,110150.24222799407,2018-03-21
1065,110150.24222799407,2018-03-22
1066,110150.24222799407,2018-03-23
1067,110150.24222799407,2018-03-26
1068,110150.24222799407,2018-03-27
1069,110130.13165960225,2018-03-28
1070,110130.13165960225,2018-03-29
1071,110130.13165960225,2018-04-02
1072,110130.13165960225,2018-04-03
1073,110130.13165960225,2018-04-04
1074,110130.13165960225,2018-04-05
1075,110130.13165960225,2018-04-06
1076,110130.13165960225,2018-04-09
1077,110130.13165960225,2018-04-10
1078,109615.80469251303,2018-04-11
1079,109615.80469251303,2018-04-12
1080,109615.80469251303,2018-04-13
1081,109615.80469251303,2018-04-16
1082,109615.80469251303,2018-04-17
1083,109615.80469251303,2018-04-18
1084,109615.80469251303,2018-04-19
1085,109615.80469251303,2018-04-20
1086,109615.80469251303,2018-04-23
1087,109615.80469251303,2018-04-24
1088,109771.8215203361,2018-04-25
1089,109771.8215203361,2018-04-26
1090,109771.8215203361,2018-04-27
1091,109771.8215203361,2018-04-30
1092,109771.8215203361,2018-05-01
1093,109771.8215203361,2018-05-02
1094,109771.8215203361,2018-05-03
1095,109771.8215203361,2018-05-04
1096,109771.8215203361,2018-05-07
1097,109771.8215203361,2018-05-08
1098,109872.81749780306,2018-05-09
1099,109872.81749780306,2018-05-10
1100,109872.81749780306,2018-05-11
1101,109872.81749780306,2018-05-14
1102,109872.81749780306,2018-05-15
1103,109872.81749780306,2018-05-16
1104,109872.81749780306,2018-05-17
1105,109872.81749780306,2018-05-18
1106,109872.81749780306,2018-05-21
1107,109872.81749780306,2018-05-22
1108,110021.71403800006,2018-05-23
1109,110021.71403800006,2018-05-23
1110,110021.71403800006,2018-05-24
1111,112702.20438800007,2018-05-25
1112,112702.20438800007,2018-05-29
1113,112702.20438800007,2018-05-30
1114,112702.20438800007,2018-05-31
1115,112702.20438800007,2018-06-01
1116,112702.20438800007,2018-06-04
1117,112702.20438800007,2018-06-05
1118,112702.20438800007,2018-06-06
1119,112702.20438800007,2018-06-07
1120,112231.7282232026,2018-06-08
1121,112231.7282232026,2018-06-11
1122,112231.7282232026,2018-06-12
1123,112231.7282232026,2018-06-13
1124,112231.7282232026,2018-06-14
1125,112231.7282232026,2018-06-15
1126,112231.7282232026,2018-06-18
1127,112231.7282232026,2018-06-19
1128,112231.7282232026,2018-06-20
1129,112231.7282232026,2018-06-21
1130,112149.85073643352,2018-06-22
1131,112149.85073643352,2018-06-25
1132,112149.85073643352,2018-06-26
1133,112149.85073643352,2018-06-27
1134,112149.85073643352,2018-06-28
1135,112149.85073643352,2018-06-29
1136,112149.85073643352,2018-07-02
1137,112149.85073643352,2018-07-03
1138,112149.85073643352,2018-07-05
1139,112343.75674190152,2018-07-06
1140,112343.75674190152,2018-07-06
1141,112060.74334819529,2018-07-09
1142,112060.74334819529,2018-07-10
1143,112060.74334819529,2018-07-11
1144,112060.74334819529,2018-07-12
1145,112060.74334819529,2018-07-13
1146,112060.74334819529,2018-07-16
1147,112060.74334819529,2018-07-17
1148,112060.74334819529,2018-07-18
1149,112060.74334819529,2018-07-19
1150,112060.74334819529,2018-07-20
1151,112083.24651855948,2018-07-23
1152,112083.24651855948,2018-07-24
1153,112083.24651855948,2018-07-25
1154,112083.24651855948,2018-07-26
1155,112083.24651855948,2018-07-27
1156,112083.24651855948,2018-07-30
1157,112083.24651855948,2018-07-31
1158,112083.24651855948,2018-08-01
1159,112083.24651855948,2018-08-02
1160,112083.24651855948,2018-08-03
1161,112133.19824630149,2018-08-06
1162,112133.19824630149,2018-08-07
1163,112133.19824630149,2018-08-08
1164,112133.19824630149,2018-08-09
1165,112133.19824630149,2018-08-10
1166,112133.19824630149,2018-08-13
1167,112133.19824630149,2018-08-14
1168,112133.19824630149,2018-08-15
1169,112133.19824630149,2018-08-16
1170,112133.19824630149,2018-08-17
1171,112180.87269192007,2018-08-20
1172,112180.87269192007,2018-08-21
1173,112180.87269192007,2018-08-22
1174,112180.87269192007,2018-08-23
1175,112180.87269192007,2018-08-24
1176,112180.87269192007,2018-08-27
1177,112180.87269192007,2018-08-28
1178,112180.87269192007,2018-08-29
1179,112180.87269192007,2018-08-30
1180,112180.87269192007,2018-08-31
1181,112266.00105547156,2018-09-04
1182,112266.00105547156,2018-09-05
1183,112266.00105547156,2018-09-06
1184,112266.00105547156,2018-09-07
1185,112266.00105547156,2018-09-10
1186,112266.00105547156,2018-09-11
1187,112266.00105547156,2018-09-12
1188,112266.00105547156,2018-09-13
1189,112266.00105547156,2018-09-14
1190,112266.00105547156,2018-09-17
1191,112658.57182047155,2018-09-18
1192,112658.57182047155,2018-09-18
1193,112404.43774934654,2018-09-19
1194,112404.43774934654,2018-09-20
1195,112404.43774934654,2018-09-21
1196,112404.43774934654,2018-09-24
1197,112404.43774934654,2018-09-25
1198,112404.43774934654,2018-09-26
1199,112404.43774934654,2018-09-27
1200,112404.43774934654,2018-09-28
1201,112404.43774934654,2018-10-01
1202,112404.43774934654,2018-10-02
1203,112330.55672210375,2018-10-03
1204,112330.55672210375,2018-10-04
1205,112330.55672210375,2018-10-05
1206,112330.55672210375,2018-10-08
1207,112330.55672210375,2018-10-09
1208,112330.55672210375,2018-10-10
1209,112330.55672210375,2018-10-11
1210,112330.55672210375,2018-10-12
1211,112330.55672210375,2018-10-15
1212,112330.55672210375,2018-10-16
1213,112382.62900973701,2018-10-17
1214,112382.62900973701,2018-10-18
1215,112382.62900973701,2018-10-19
1216,112382.62900973701,2018-10-22
1217,112382.62900973701,2018-10-23
1218,112382.62900973701,2018-10-24
1219,112382.62900973701,2018-10-25
1220,112382.62900973701,2018-10-26
1221,112382.62900973701,2018-10-29
1222,112382.62900973701,2018-10-30
1223,112690.92416744171,2018-10-31
1224,112690.92416744171,2018-11-01
1225,112690.92416744171,2018-11-02
1226,112690.92416744171,2018-11-05
1227,112690.92416744171,2018-11-06
1228,112690.92416744171,2018-11-07
1229,112690.92416744171,2018-11-08
1230,112690.92416744171,2018-11-09
1231,112690.92416744171,2018-11-12
1232,112690.92416744171,2018-11-13
1233,113415.1515259919,2018-11-14
1234,113415.1515259919,2018-11-15
1235,113415.1515259919,2018-11-16
1236,113415.1515259919,2018-11-19
1237,113415.1515259919,2018-11-20
1238,113415.1515259919,2018-11-21
1239,113415.1515259919,2018-11-23
1240,113415.1515259919,2018-11-26
1241,113415.1515259919,2018-11-27
1242,113266.00836298053,2018-11-28
1243,113266.00836298053,2018-11-29
1244,113266.00836298053,2018-11-30
1245,113266.00836298053,2018-12-03
1246,113266.00836298053,2018-12-04
1247,113266.00836298053,2018-12-06
1248,113266.00836298053,2018-12-07
1249,113266.00836298053,2018-12-10
1250,113266.00836298053,2018-12-11
1251,113015.04410086296,2018-12-12
1252,113015.04410086296,2018-12-13
1253,113015.04410086296,2018-12-14
1254,113015.04410086296,2018-12-17
1255,113015.04410086296,2018-12-18
1256,113015.04410086296,2018-12-19
1257,113015.04410086296,2018-12-20
1258,113015.04410086296,2018-12-21
1259,113015.04410086296,2018-12-24
1260,112055.40269012109,2018-12-26
1261,112055.40269012109,2018-12-27
1262,112055.40269012109,2018-12-28
1263,112055.40269012109,2018-12-31
1264,112055.40269012109,2019-01-02
1265,112055.40269012109,2019-01-03
1266,112055.40269012109,2019-01-04
1267,112055.40269012109,2019-01-07
1268,112055.40269012109,2019-01-08
1269,112351.34774152079,2019-01-09
1270,112351.34774152079,2019-01-10
1271,112351.34774152079,2019-01-11
1272,112351.34774152079,2019-01-14
1273,112351.34774152079,2019-01-15
1274,112351.34774152079,2019-01-16
1275,112351.34774152079,2019-01-17
1276,112351.34774152079,2019-01-18
1277,112351.34774152079,2019-01-22
1278,113131.78540793253,2019-01-23
1279,113131.78540793253,2019-01-24
1280,113131.78540793253,2019-01-25
1281,113131.78540793253,2019-01-28
1282,113131.78540793253,2019-01-29
1283,113131.78540793253,2019-01-30
1284,113131.78540793253,2019-01-31
1285,113131.78540793253,2019-02-01
1286,113131.78540793253,2019-02-04
1287,113131.78540793253,2019-02-05
1288,112419.97743362156,2019-02-06
1289,112419.97743362156,2019-02-07
1290,112419.97743362156,2019-02-08
1291,112419.97743362156,2019-02-11
1292,112419.97743362156,2019-02-12
1293,112419.97743362156,2019-02-13
1294,112419.97743362156,2019-02-14
1295,112419.97743362156,2019-02-15
1296,112419.97743362156,2019-02-19
1297,112498.24246572252,2019-02-20
1298,112498.24246572252,2019-02-21
1299,112498.24246572252,2019-02-22
1300,112498.24246572252,2019-02-25
1301,112498.24246572252,2019-02-26
1302,112498.24246572252,2019-02-27
1303,112498.24246572252,2019-02-28
1304,112498.24246572252,2019-03-01
1305,112498.24246572252,2019-03-04
1306,112498.24246572252,2019-03-05
1307,113161.252980082,2019-03-06
1308,113161.252980082,2019-03-07
1309,113161.252980082,2019-03-08
1310,113161.252980082,2019-03-11
1311,113161.252980082,2019-03-12
1312,113161.252980082,2019-03-13
1313,113161.252980082,2019-03-14
1314,113161.252980082,2019-03-15
1315,113161.252980082,2019-03-18
1316,113161.252980082,2019-03-19
1317,113107.07125942237,2019-03-20
1318,113107.07125942237,2019-03-21
1319,113107.07125942237,2019-03-22
1320,113107.07125942237,2019-03-25
1321,113107.07125942237,2019-03-26
1322,113107.07125942237,2019-03-27
1323,113107.07125942237,2019-03-28
1324,113107.07125942237,2019-03-29
1325,113107.07125942237,2019-04-01
1326,113107.07125942237,2019-04-02
1327,112816.77335622636,2019-04-03
1328,112816.77335622636,2019-04-03
1329,112816.77335622636,2019-04-04
1330,112709.895170738,2019-04-05
1331,112709.895170738,2019-04-08
1332,112709.895170738,2019-04-09
1333,112709.895170738,2019-04-10
1334,112709.895170738,2019-04-11
1335,112709.895170738,2019-04-12
1336,112709.895170738,2019-04-15
1337,112709.895170738,2019-04-16
1338,112709.895170738,2019-04-17
1339,112709.895170738,2019-04-18
1340,112556.10609447464,2019-04-22
1341,112556.10609447464,2019-04-23
1342,112556.10609447464,2019-04-24
1343,112556.10609447464,2019-04-25
1344,112556.10609447464,2019-04-26
1345,112556.10609447464,2019-04-29
1346,112556.10609447464,2019-04-30
1347,112556.10609447464,2019-05-01
1348,112556.10609447464,2019-05-02
1349,112556.10609447464,2019-05-03
1350,112621.05875979165,2019-05-06
1351,112621.05875979165,2019-05-06
1352,112907.70508459209,2019-05-07
1353,112907.70508459209,2019-05-08
1354,112907.70508459209,2019-05-09
1355,112907.70508459209,2019-05-10
1356,112907.70508459209,2019-05-13
1357,112907.70508459209,2019-05-14
1358,112907.70508459209,2019-05-15
1359,112907.70508459209,2019-05-16
1360,112907.70508459209,2019-05-17
1361,112907.70508459209,2019-05-20
1362,112335.98030417647,2019-05-21
1363,112335.98030417647,2019-05-22
1364,112335.98030417647,2019-05-23
1365,112335.98030417647,2019-05-24
1366,112335.98030417647,2019-05-28
1367,112335.98030417647,2019-05-29
1368,112335.98030417647,2019-05-30
1369,112335.98030417647,2019-05-31
1370,112335.98030417647,2019-06-03
1371,112248.02322721083,2019-06-04
1372,112248.02322721083,2019-06-05
1373,112248.02322721083,2019-06-06
1374,112248.02322721083,2019-06-07
1375,112248.02322721083,2019-06-10
1376,112248.02322721083,2019-06-11
1377,112248.02322721083,2019-06-12
1378,112248.02322721083,2019-06-13
1379,112248.02322721083,2019-06-14
1380,112248.02322721083,2019-06-17
1381,112260.72163943769,2019-06-18
1382,112260.72163943769,2019-06-19
1383,112260.72163943769,2019-06-20
1384,112260.72163943769,2019-06-21
1385,112260.72163943769,2019-06-24
1386,112260.72163943769,2019-06-25
1387,112260.72163943769,2019-06-26
1388,112260.72163943769,2019-06-27
1389,112260.72163943769,2019-06-28
1390,112260.72163943769,2019-07-01
1391,112323.09560120251,2019-07-02
1392,112323.09560120251,2019-07-03
1393,112323.09560120251,2019-07-05
1394,112323.09560120251,2019-07-08
1395,112323.09560120251,2019-07-09
1396,112323.09560120251,2019-07-10
1397,112323.09560120251,2019-07-11
1398,112323.09560120251,2019-07-12
1399,112323.09560120251,2019-07-15
1400,112411.4947720544,2019-07-16
1401,112411.4947720544,2019-07-17
1402,112411.4947720544,2019-07-18
1403,112411.4947720544,2019-07-19
1404,112411.4947720544,2019-07-22
1405,112411.4947720544,2019-07-23
1406,112411.4947720544,2019-07-24
1407,112411.4947720544,2019-07-25
1408,112411.4947720544,2019-07-26
1409,112411.4947720544,2019-07-29
1410,113120.8323736379,2019-07-30
1411,113120.8323736379,2019-07-31
1412,113120.8323736379,2019-08-01
1413,113120.8323736379,2019-08-02
1414,113120.8323736379,2019-08-05
1415,113120.8323736379,2019-08-06
1416,113120.8323736379,2019-08-07
1417,113120.8323736379,2019-08-08
1418,113120.8323736379,2019-08-09
1419,113120.8323736379,2019-08-12
1420,112709.94733888304,2019-08-13
1421,112709.94733888304,2019-08-14
1422,112709.94733888304,2019-08-15
1423,112709.94733888304,2019-08-16
1424,112709.94733888304,2019-08-19
1425,112709.94733888304,2019-08-20
1426,112709.94733888304,2019-08-21
1427,112709.94733888304,2019-08-22
1428,112709.94733888304,2019-08-23
1429,112709.94733888304,2019-08-26
1430,113270.30985003793,2019-08-27
1431,113270.30985003793,2019-08-28
1432,113270.30985003793,2019-08-29
1433,113270.30985003793,2019-08-30
1434,113270.30985003793,2019-09-03
1435,113270.30985003793,2019-09-04
1436,113270.30985003793,2019-09-05
1437,113270.30985003793,2019-09-06
1438,113270.30985003793,2019-09-09
1439,113175.3016248729,2019-09-10
1440,113175.3016248729,2019-09-11
1441,113175.3016248729,2019-09-12
1442,113175.3016248729,2019-09-13
1443,113175.3016248729,2019-09-16
1444,113175.3016248729,2019-09-17
1445,113175.3016248729,2019-09-18
1446,113175.3016248729,2019-09-19
1447,113175.3016248729,2019-09-20
1448,113175.3016248729,2019-09-23
1449,112972.7968752613,2019-09-24
1450,112972.7968752613,2019-09-25
1451,112972.7968752613,2019-09-26
1452,112972.7968752613,2019-09-27
1453,112972.7968752613,2019-09-30
1454,112972.7968752613,2019-10-01
1455,112972.7968752613,2019-10-02
1456,112972.7968752613,2019-10-03
1457,112972.7968752613,2019-10-04
1458,112972.7968752613,2019-10-07
1459,112539.8663344378,2019-10-08
1460,112539.8663344378,2019-10-09
1461,112539.8663344378,2019-10-10
1462,112539.8663344378,2019-10-11
1463,112539.8663344378,2019-10-14
1464,112539.8663344378,2019-10-15
1465,112539.8663344378,2019-10-16
1466,112539.8663344378,2019-10-17
1467,112539.8663344378,2019-10-18
1468,112539.8663344378,2019-10-21
1469,112629.72073758238,2019-10-22
1470,112629.72073758238,2019-10-23
1471,112629.72073758238,2019-10-24
1472,112629.72073758238,2019-10-25
1473,112629.72073758238,2019-10-28
1474,112629.72073758238,2019-10-29
1475,112629.72073758238,2019-10-30
1476,112629.72073758238,2019-10-31
1477,112629.72073758238,2019-11-01
1478,112629.72073758238,2019-11-04
1479,113054.39372624036,2019-11-05
1480,113054.39372624036,2019-11-06
1481,113054.39372624036,2019-11-07
1482,113054.39372624036,2019-11-08
1483,113054.39372624036,2019-11-11
1484,113054.39372624036,2019-11-12
1485,113054.39372624036,2019-11-13
1486,113054.39372624036,2019-11-14
1487,113054.39372624036,2019-11-15
1488,113054.39372624036,2019-11-18
1489,113887.56572601407,2019-11-19
1490,113887.56572601407,2019-11-20
1491,113887.56572601407,2019-11-21
1492,113887.56572601407,2019-11-22
1493,113887.56572601407,2019-11-25
1494,113887.56572601407,2019-11-26
1495,113887.56572601407,2019-11-27
1496,113887.56572601407,2019-11-29
1497,113887.56572601407,2019-12-02
1498,113689.03311956408,2019-12-03
1499,113689.03311956408,2019-12-04
1500,113689.03311956408,2019-12-05
1501,113689.03311956408,2019-12-06
1502,113689.03311956408,2019-12-09
1503,113689.03311956408,2019-12-10
1504,113689.03311956408,2019-12-11
1505,113689.03311956408,2019-12-12
1506,113689.03311956408,2019-12-13
1507,113689.03311956408,2019-12-16
1508,112771.2845796125,2019-12-17
1509,112771.2845796125,2019-12-18
1510,112771.2845796125,2019-12-19
1511,112771.2845796125,2019-12-20
1512,112771.2845796125,2019-12-23
1513,112771.2845796125,2019-12-24
1514,112771.2845796125,2019-12-26
1515,112771.2845796125,2019-12-27
1516,112771.2845796125,2019-12-30
1517,113396.89255461251,2019-12-31
1518,113396.89255461251,2019-12-31
1519,113396.89255461251,2020-01-02
1520,113396.89255461251,2020-01-03
1521,113725.07506896964,2020-01-06
1522,113725.07506896964,2020-01-07
1523,113725.07506896964,2020-01-08
1524,113725.07506896964,2020-01-09
1525,113725.07506896964,2020-01-10
1526,113725.07506896964,2020-01-13
1527,113725.07506896964,2020-01-14
1528,113725.07506896964,2020-01-15
1529,113725.07506896964,2020-01-16
1530,113725.07506896964,2020-01-17
1531,113766.19649982807,2020-01-21
1532,113766.19649982807,2020-01-22
1533,113766.19649982807,2020-01-23
1534,113766.19649982807,2020-01-24
1535,113766.19649982807,2020-01-27
1536,113766.19649982807,2020-01-28
1537,113766.19649982807,2020-01-29
1538,113766.19649982807,2020-01-30
1539,113766.19649982807,2020-01-31
1540,113766.19649982807,2020-02-03
1541,113143.15395130822,2020-02-04
1542,113143.15395130822,2020-02-05
1543,113143.15395130822,2020-02-06
1544,113143.15395130822,2020-02-07
1545,113143.15395130822,2020-02-10
1546,113143.15395130822,2020-02-11
1547,113143.15395130822,2020-02-12
1548,113143.15395130822,2020-02-13
1549,113143.15395130822,2020-02-14
1550,113008.4015057717,2020-02-18
1551,113008.4015057717,2020-02-19
1552,113008.4015057717,2020-02-20
1553,113008.4015057717,2020-02-21
1554,113008.4015057717,2020-02-24
1555,113008.4015057717,2020-02-25
1556,113008.4015057717,2020-02-26
1557,113008.4015057717,2020-02-27
1558,113008.4015057717,2020-02-28
1559,113008.4015057717,2020-03-02
1560,113881.76267924704,2020-03-03
1561,113881.76267924704,2020-03-04
1562,113881.76267924704,2020-03-05
1563,113881.76267924704,2020-03-06
1564,113881.76267924704,2020-03-09
1565,113881.76267924704,2020-03-10
1566,113881.76267924704,2020-03-11
1567,113881.76267924704,2020-03-12
1568,113881.76267924704,2020-03-13
1569,113881.76267924704,2020-03-16
1570,112814.10564000103,2020-03-17
1571,112814.10564000103,2020-03-17
1572,112814.10564000103,2020-03-18
1573,112814.10564000103,2020-03-19
1574,112572.76444627343,2020-03-20
1575,112572.76444627343,2020-03-23
1576,112572.76444627343,2020-03-24
1577,112572.76444627343,2020-03-25
1578,112572.76444627343,2020-03-26
1579,112572.76444627343,2020-03-27
1580,112572.76444627343,2020-03-30
1581,112572.76444627343,2020-03-31
1582,112572.76444627343,2020-04-01
1583,112572.76444627343,2020-04-02
1584,112342.95527130098,2020-04-03
1585,112342.95527130098,2020-04-06
1586,112342.95527130098,2020-04-07
1587,112342.95527130098,2020-04-08
1588,112342.95527130098,2020-04-09
1589,112342.95527130098,2020-04-13
1590,112342.95527130098,2020-04-14
1591,112342.95527130098,2020-04-15
1592,112342.95527130098,2020-04-16
1593,112564.22064900145,2020-04-17
1594,112564.22064900145,2020-04-20
1595,112564.22064900145,2020-04-21
1596,112564.22064900145,2020-04-22
1597,112564.22064900145,2020-04-23
1598,112564.22064900145,2020-04-24
1599,112564.22064900145,2020-04-27
1600,112564.22064900145,2020-04-28
1601,112564.22064900145,2020-04-29
1602,112564.22064900145,2020-04-30
1603,113219.18794527288,2020-05-01
1604,113219.18794527288,2020-05-04
1605,113219.18794527288,2020-05-05
1606,113219.18794527288,2020-05-06
1607,113219.18794527288,2020-05-07
1608,113219.18794527288,2020-05-08
1609,113219.18794527288,2020-05-11
1610,113219.18794527288,2020-05-12
1611,113219.18794527288,2020-05-13
1612,113219.18794527288,2020-05-14
1613,112807.60258297288,2020-05-15
1614,112807.60258297288,2020-05-15
1615,112664.47346033699,2020-05-18
1616,112664.47346033699,2020-05-19
1617,112664.47346033699,2020-05-20
1618,112664.47346033699,2020-05-21
1619,112664.47346033699,2020-05-22
1620,112664.47346033699,2020-05-26
1621,112664.47346033699,2020-05-27
1622,112664.47346033699,2020-05-28
1623,112664.47346033699,2020-05-29
1624,112988.65647765038,2020-06-01
1625,112988.65647765038,2020-06-02
1626,112988.65647765038,2020-06-03
1627,112988.65647765038,2020-06-04
1628,112988.65647765038,2020-06-05
1629,112988.65647765038,2020-06-08
1630,112988.65647765038,2020-06-09
1631,112988.65647765038,2020-06-10
1632,112988.65647765038,2020-06-11
1633,112988.65647765038,2020-06-12
1634,112792.88572078053,2020-06-15
1635,112792.88572078053,2020-06-16
1636,112792.88572078053,2020-06-17
1637,112792.88572078053,2020-06-18
1638,112792.88572078053,2020-06-19
1639,112792.88572078053,2020-06-22
1640,112792.88572078053,2020-06-23
1641,112792.88572078053,2020-06-24
1642,112792.88572078053,2020-06-25
1643,112792.88572078053,2020-06-26
1644,112663.00473454173,2020-06-29
1645,112663.00473454173,2020-06-30
1646,112663.00473454173,2020-07-01
1647,112663.00473454173,2020-07-02
1648,112663.00473454173,2020-07-06
1649,112663.00473454173,2020-07-07
1650,112663.00473454173,2020-07-08
1651,112663.00473454173,2020-07-09
1652,112663.00473454173,2020-07-10
1653,113064.41828415694,2020-07-13
1654,113064.41828415694,2020-07-14
1655,113064.41828415694,2020-07-15
1656,113064.41828415694,2020-07-16
1657,113064.41828415694,2020-07-17
1658,113064.41828415694,2020-07-20
1659,113064.41828415694,2020-07-21
1660,113064.41828415694,2020-07-22
1661,113064.41828415694,2020-07-23
1662,113064.41828415694,2020-07-24
1663,112557.0472139068,2020-07-27
1664,112557.0472139068,2020-07-28
1665,112557.0472139068,2020-07-29
1666,112557.0472139068,2020-07-30
1667,112557.0472139068,2020-07-31
1668,112557.0472139068,2020-08-03
1669,112557.0472139068,2020-08-04
1670,112557.0472139068,2020-08-05
1671,112557.0472139068,2020-08-06
1672,112557.0472139068,2020-08-07
1673,112498.80808815501,2020-08-10
1674,112498.80808815501,2020-08-11
1675,112498.80808815501,2020-08-12
1676,112498.80808815501,2020-08-13
1677,112498.80808815501,2020-08-14
1678,112498.80808815501,2020-08-17
1679,112498.80808815501,2020-08-18
1680,112498.80808815501,2020-08-19
1681,112498.80808815501,2020-08-20
1682,112498.80808815501,2020-08-21
1683,112503.3848686149,2020-08-24
1684,112503.3848686149,2020-08-25
1685,112503.3848686149,2020-08-26
1686,112503.3848686149,2020-08-27
1687,112503.3848686149,2020-08-28
1688,112503.3848686149,2020-08-31
1689,112503.3848686149,2020-09-01
1690,112503.3848686149,2020-09-02
1691,112503.3848686149,2020-09-03
1692,112503.3848686149,2020-09-04
1693,113163.03968130171,2020-09-08
1694,113163.03968130171,2020-09-09
1695,113163.03968130171,2020-09-10
1696,113163.03968130171,2020-09-11
1697,113163.03968130171,2020-09-14
1698,113163.03968130171,2020-09-15
1699,113163.03968130171,2020-09-16
1700,113163.03968130171,2020-09-17
1701,113163.03968130171,2020-09-18
1702,113163.03968130171,2020-09-21
1703,113251.26543367881,2020-09-22
1704,113251.26543367881,2020-09-23
1705,113251.26543367881,2020-09-24
1706,113251.26543367881,2020-09-25
1707,113251.26543367881,2020-09-28
1708,113251.26543367881,2020-09-29
1709,113251.26543367881,2020-09-30
1710,113251.26543367881,2020-10-01
1711,113251.26543367881,2020-10-02
1712,113251.26543367881,2020-10-05
1713,113298.30156525185,2020-10-06
1714,113298.30156525185,2020-10-07
1715,113298.30156525185,2020-10-08
1716,113298.30156525185,2020-10-09
1717,113298.30156525185,2020-10-12
1718,113298.30156525185,2020-10-13
1719,113298.30156525185,2020-10-14
1720,113298.30156525185,2020-10-15
1721,113298.30156525185,2020-10-16
1722,113298.30156525185,2020-10-19
1723,113270.01560742928,2020-10-20
1724,113270.01560742928,2020-10-21
1725,113270.01560742928,2020-10-22
1726,113270.01560742928,2020-10-23
1727,113270.01560742928,2020-10-26
1728,113270.01560742928,2020-10-27
1729,113270.01560742928,2020-10-28
1730,113270.01560742928,2020-10-29
1731,113270.01560742928,2020-10-30
1732,113270.01560742928,2020-11-02
1733,112968.04585281828,2020-11-03
1734,112968.04585281828,2020-11-03
1735,112786.20761089087,2020-11-04
1736,112786.20761089087,2020-11-05
1737,112786.20761089087,2020-11-06
1738,112786.20761089087,2020-11-09
1739,112786.20761089087,2020-11-10
1740,112786.20761089087,2020-11-11
1741,112786.20761089087,2020-11-12
1742,112786.20761089087,2020-11-13
1743,112786.20761089087,2020-11-16
1744,112786.20761089087,2020-11-17
1745,113171.45138803875,2020-11-18
1746,113171.45138803875,2020-11-19
1747,113171.45138803875,2020-11-20
1748,113171.45138803875,2020-11-23
1749,113171.45138803875,2020-11-24
1750,113171.45138803875,2020-11-25
1751,113171.45138803875,2020-11-27
1752,113171.45138803875,2020-11-30
1753,113171.45138803875,2020-12-01
1754,113464.83250854022,2020-12-02
1755,113464.83250854022,2020-12-03
1756,113464.83250854022,2020-12-04
1757,113464.83250854022,2020-12-07
1758,113464.83250854022,2020-12-08
1759,113464.83250854022,2020-12-09
1760,113464.83250854022,2020-12-10
1761,113464.83250854022,2020-12-11
1762,113464.83250854022,2020-12-14
1763,113464.83250854022,2020-12-15
1764,112977.62771348664,2020-12-16
1765,112977.62771348664,2020-12-17
1766,112977.62771348664,2020-12-18
1767,112977.62771348664,2020-12-21
1768,112977.62771348664,2020-12-22
1769,112977.62771348664,2020-12-23
1770,112977.62771348664,2020-12-24
1771,112977.62771348664,2020-12-28
1772,112977.62771348664,2020-12-29
1773,113492.87291357394,2020-12-30
1774,113492.87291357394,2020-12-31
1775,113492.87291357394,2021-01-04
1776,113492.87291357394,2021-01-05
1777,113492.87291357394,2021-01-06
1778,113492.87291357394,2021-01-07
1779,113492.87291357394,2021-01-08
1780,113492.87291357394,2021-01-11
1781,113492.87291357394,2021-01-12
1782,112873.71799379903,2021-01-13
1783,112873.71799379903,2021-01-14
1784,112873.71799379903,2021-01-15
1785,112873.71799379903,2021-01-19
1786,112873.71799379903,2021-01-20
1787,112873.71799379903,2021-01-21
1788,112873.71799379903,2021-01-22
1789,112873.71799379903,2021-01-25
1790,112873.71799379903,2021-01-26
1791,113397.29982221304,2021-01-27
1792,113397.29982221304,2021-01-28
1793,113397.29982221304,2021-01-29
1794,113397.29982221304,2021-02-01
1795,113397.29982221304,2021-02-02
1796,113397.29982221304,2021-02-03
1797,113397.29982221304,2021-02-04
1798,113397.29982221304,2021-02-05
1799,113397.29982221304,2021-02-08
1800,113397.29982221304,2021-02-09
1801,113470.52263053897,2021-02-10
1802,113470.52263053897,2021-02-11
1803,113470.52263053897,2021-02-12
1804,113470.52263053897,2021-02-16
1805,113470.52263053897,2021-02-17
1806,113470.52263053897,2021-02-18
1807,113470.52263053897,2021-02-19
1808,113470.52263053897,2021-02-22
1809,113470.52263053897,2021-02-23
1810,112732.62552328865,2021-02-24
1811,112732.62552328865,2021-02-25
1812,112732.62552328865,2021-02-26
1813,112732.62552328865,2021-03-01
1814,112732.62552328865,2021-03-02
1815,112732.62552328865,2021-03-03
1816,112732.62552328865,2021-03-04
1817,112732.62552328865,2021-03-05
1818,112732.62552328865,2021-03-08
1819,112732.62552328865,2021-03-09
1820,112798.06357353178,2021-03-10
1821,112798.06357353178,2021-03-11
1822,112798.06357353178,2021-03-12
1823,112798.06357353178,2021-03-15
1824,112798.06357353178,2021-03-16
1825,112798.06357353178,2021-03-17
1826,112798.06357353178,2021-03-18
1827,112798.06357353178,2021-03-19
1828,112798.06357353178,2021-03-22
1829,112798.06357353178,2021-03-23
1830,113475.93454165208,2021-03-24
1831,113475.93454165208,2021-03-25
1832,113475.93454165208,2021-03-26
1833,113475.93454165208,2021-03-29
1834,113475.93454165208,2021-03-30
1835,113475.93454165208,2021-03-31
1836,113475.93454165208,2021-04-01
1837,113475.93454165208,2021-04-05
1838,113475.93454165208,2021-04-06
1839,112850.30532498684,2021-04-07
1840,112850.30532498684,2021-04-08
1841,112850.30532498684,2021-04-09
1842,112850.30532498684,2021-04-12
1843,112850.30532498684,2021-04-13
1844,112850.30532498684,2021-04-14
1845,112850.30532498684,2021-04-15
1846,112850.30532498684,2021-04-16
1847,112850.30532498684,2021-04-19
1848,112850.30532498684,2021-04-20
1849,113845.29005718534,2021-04-21
1850,113845.29005718534,2021-04-22
1851,113845.29005718534,2021-04-23
1852,113845.29005718534,2021-04-26
1853,113845.29005718534,2021-04-27
1854,113845.29005718534,2021-04-28
1855,113845.29005718534,2021-04-29
1856,113845.29005718534,2021-04-30
1857,113845.29005718534,2021-05-03
1858,113845.29005718534,2021-05-04
1859,113675.5999107424,2021-05-05
1860,113675.5999107424,2021-05-06
1861,113675.5999107424,2021-05-07
1862,113675.5999107424,2021-05-10
1863,113675.5999107424,2021-05-11
1864,113675.5999107424,2021-05-12
1865,113675.5999107424,2021-05-13
1866,113675.5999107424,2021-05-14
1867,113675.5999107424,2021-05-17
1868,113675.5999107424,2021-05-18
1869,112989.1902231629,2021-05-19
1870,112989.1902231629,2021-05-20
1871,112989.1902231629,2021-05-21
1872,112989.1902231629,2021-05-24
1873,112989.1902231629,2021-05-25
1874,112989.1902231629,2021-05-26
1875,112989.1902231629,2021-05-27
1876,112989.1902231629,2021-05-28
1877,112989.1902231629,2021-06-01
1878,113595.9086821669,2021-06-02
1879,113595.9086821669,2021-06-02
1880,114011.26411594247,2021-06-03
1881,114011.26411594247,2021-06-04
1882,114011.26411594247,2021-06-07
1883,114011.26411594247,2021-06-08
1884,114011.26411594247,2021-06-09
1885,114011.26411594247,2021-06-10
1886,114011.26411594247,2021-06-11
1887,114011.26411594247,2021-06-14
1888,114011.26411594247,2021-06-15
1889,114011.26411594247,2021-06-16
1890,113126.58584084488,2021-06-17
1891,113126.58584084488,2021-06-18
1892,113126.58584084488,2021-06-21
1893,113126.58584084488,2021-06-22
1894,113126.58584084488,2021-06-23
1895,113126.58584084488,2021-06-24
1896,113126.58584084488,2021-06-25
1897,113126.58584084488,2021-06-28
1898,113126.58584084488,2021-06-29
1899,113126.58584084488,2021-06-30
1900,114091.90234837928,2021-07-01
1901,114091.90234837928,2021-07-02
1902,114091.90234837928,2021-07-06
1903,114091.90234837928,2021-07-07
1904,114091.90234837928,2021-07-08
1905,114091.90234837928,2021-07-09
1906,114091.90234837928,2021-07-12
1907,114091.90234837928,2021-07-13
1908,114091.90234837928,2021-07-14
1909,113052.75190265734,2021-07-15
1910,113052.75190265734,2021-07-16
1911,113052.75190265734,2021-07-19
1912,113052.75190265734,2021-07-20
1913,113052.75190265734,2021-07-21
1914,113052.75190265734,2021-07-22
1915,113052.75190265734,2021-07-23
1916,113052.75190265734,2021-07-26
1917,113052.75190265734,2021-07-27
1918,113052.75190265734,2021-07-28
1919,113495.07270052754,2021-07-29
1920,113495.07270052754,2021-07-30
1921,113495.07270052754,2021-08-02
1922,113495.07270052754,2021-08-03
1923,113495.07270052754,2021-08-04
1924,113495.07270052754,2021-08-05
1925,113495.07270052754,2021-08-06
1926,113495.07270052754,2021-08-09
1927,113495.07270052754,2021-08-10
1928,113495.07270052754,2021-08-11
1929,114069.34445624094,2021-08-12
1930,114069.34445624094,2021-08-13
1931,114069.34445624094,2021-08-16
1932,114069.34445624094,2021-08-17
1933,114069.34445624094,2021-08-18
1934,114069.34445624094,2021-08-19
1935,114069.34445624094,2021-08-20
1936,114069.34445624094,2021-08-23
1937,114069.34445624094,2021-08-24
1938,114069.34445624094,2021-08-25
1939,114300.34472847337,2021-08-26
1940,114300.34472847337,2021-08-27
1941,114300.34472847337,2021-08-30
1942,114300.34472847337,2021-08-31
1943,114300.34472847337,2021-09-01
1944,114300.34472847337,2021-09-02
1945,114300.34472847337,2021-09-03
1946,114300.34472847337,2021-09-07
1947,114300.34472847337,2021-09-08
1948,115464.4764341576,2021-09-09
1949,115464.4764341576,2021-09-10
1950,115464.4764341576,2021-09-13
1951,115464.4764341576,2021-09-14
1952,115464.4764341576,2021-09-15
1953,115464.4764341576,2021-09-16
1954,115464.4764341576,2021-09-17
1955,115464.4764341576,2021-09-20
1956,115464.4764341576,2021-09-21
1957,115464.4764341576,2021-09-22
1958,114583.08696729974,2021-09-23
1959,114583.08696729974,2021-09-24
1960,114583.08696729974,2021-09-27
1961,114583.08696729974,2021-09-28
1962,114583.08696729974,2021-09-29
1963,114583.08696729974,2021-09-30
1964,114583.08696729974,2021-10-01
1965,114583.08696729974,2021-10-04
1966,114583.08696729974,2021-10-05
1967,114583.08696729974,2021-10-06
1968,114933.50751147376,2021-10-07
1969,114933.50751147376,2021-10-08
1970,114933.50751147376,2021-10-11
1971,114933.50751147376,2021-10-12
1972,114933.50751147376,2021-10-13
1973,114933.50751147376,2021-10-14
1974,114933.50751147376,2021-10-15
1975,114933.50751147376,2021-10-18
1976,114933.50751147376,2021-10-19
1977,114933.50751147376,2021-10-20
1978,115608.30501074724,2021-10-21
1979,115608.30501074724,2021-10-22
1980,115608.30501074724,2021-10-25
1981,115608.30501074724,2021-10-26
1982,115608.30501074724,2021-10-27
1983,115608.30501074724,2021-10-28
1984,115608.30501074724,2021-10-29
1985,115608.30501074724,2021-11-01
1986,115608.30501074724,2021-11-02
1987,115608.30501074724,2021-11-03
1988,116501.20258574723,2021-11-04
1989,116501.20258574723,2021-11-04
1990,116501.20258574723,2021-11-05
1991,116384.74192975671,2021-11-08
1992,116384.74192975671,2021-11-09
1993,116384.74192975671,2021-11-10
1994,116384.74192975671,2021-11-11
1995,116384.74192975671,2021-11-12
1996,116384.74192975671,2021-11-15
1997,116384.74192975671,2021-11-16
1998,116384.74192975671,2021-11-17
1999,116384.74192975671,2021-11-18
2000,116384.74192975671,2021-11-19
2001,116969.9683353208,2021-11-22
2002,116969.9683353208,2021-11-23
2003,116969.9683353208,2021-11-24
2004,116969.9683353208,2021-11-26
2005,116969.9683353208,2021-11-29
2006,116969.9683353208,2021-11-30
2007,116969.9683353208,2021-12-01
2008,116969.9683353208,2021-12-02
2009,116969.9683353208,2021-12-03
2010,116625.03210158923,2021-12-06
2011,116625.03210158923,2021-12-07
2012,116625.03210158923,2021-12-08
2013,116625.03210158923,2021-12-09
2014,116625.03210158923,2021-12-10
2015,116625.03210158923,2021-12-13
2016,116625.03210158923,2021-12-14
2017,116625.03210158923,2021-12-15
2018,116625.03210158923,2021-12-16
2019,116625.03210158923,2021-12-17
2020,117311.96752565025,2021-12-20
2021,117311.96752565025,2021-12-21
2022,117311.96752565025,2021-12-22
2023,117311.96752565025,2021-12-23
2024,117311.96752565025,2021-12-27
2025,117311.96752565025,2021-12-28
2026,117311.96752565025,2021-12-29
2027,117311.96752565025,2021-12-30
2028,117311.96752565025,2021-12-31
2029,117310.55646859026,2022-01-03
2030,117310.55646859026,2022-01-03
2031,117797.56706035974,2022-01-04
2032,117797.56706035974,2022-01-05
2033,117797.56706035974,2022-01-06
2034,117797.56706035974,2022-01-07
2035,117797.56706035974,2022-01-10
2036,117797.56706035974,2022-01-11
2037,117797.56706035974,2022-01-12
2038,117797.56706035974,2022-01-13
2039,117797.56706035974,2022-01-14
2040,117524.47311461355,2022-01-18
2041,117524.47311461355,2022-01-19
2042,117524.47311461355,2022-01-20
2043,117524.47311461355,2022-01-21
2044,117524.47311461355,2022-01-24
2045,117524.47311461355,2022-01-25
2046,117524.47311461355,2022-01-26
2047,117524.47311461355,2022-01-27
2048,117524.47311461355,2022-01-28
2049,117524.47311461355,2022-01-31
2050,116495.89243965139,2022-02-01
2051,116495.89243965139,2022-02-02
2052,116495.89243965139,2022-02-03
2053,116495.89243965139,2022-02-04
2054,116495.89243965139,2022-02-07
2055,116495.89243965139,2022-02-08
2056,116495.89243965139,2022-02-09
2057,116495.89243965139,2022-02-10
2058,116495.89243965139,2022-02-11
2059,116495.89243965139,2022-02-14
2060,117767.49354428244,2022-02-15
2061,117767.49354428244,2022-02-16
2062,117767.49354428244,2022-02-17
2063,117767.49354428244,2022-02-18
2064,117767.49354428244,2022-02-22
2065,117767.49354428244,2022-02-23
2066,117767.49354428244,2022-02-24
2067,117767.49354428244,2022-02-25
2068,117767.49354428244,2022-02-28
2069,117188.9515494957,2022-03-01
2070,117188.9515494957,2022-03-02
2071,117188.9515494957,2022-03-03
2072,117188.9515494957,2022-03-04
2073,117188.9515494957,2022-03-07
2074,117188.9515494957,2022-03-08
2075,117188.9515494957,2022-03-09
2076,117188.9515494957,2022-03-10
2077,117188.9515494957,2022-03-11
2078,117188.9515494957,2022-03-14
2079,116564.15769001684,2022-03-15
2080,116564.15769001684,2022-03-16
2081,116564.15769001684,2022-03-17
2082,116564.15769001684,2022-03-18
2083,116564.15769001684,2022-03-21
2084,116564.15769001684,2022-03-22
2085,116564.15769001684,2022-03-23
2086,116564.15769001684,2022-03-24
2087,116564.15769001684,2022-03-25
2088,116564.15769001684,2022-03-28
2089,115618.5085555656,2022-03-29
2090,115618.5085555656,2022-03-30
2091,115618.5085555656,2022-03-31
2092,115618.5085555656,2022-04-01
2093,115618.5085555656,2022-04-04
2094,115618.5085555656,2022-04-05
2095,115618.5085555656,2022-04-06
2096,115618.5085555656,2022-04-07
2097,115618.5085555656,2022-04-08
2098,115618.5085555656,2022-04-11
2099,116887.72409805206,2022-04-12
2100,116887.72409805206,2022-04-13
2101,116887.72409805206,2022-04-14
2102,116887.72409805206,2022-04-18
2103,116887.72409805206,2022-04-19
2104,116887.72409805206,2022-04-20
2105,116887.72409805206,2022-04-21
2106,116887.72409805206,2022-04-22
2107,116887.72409805206,2022-04-25
2108,116167.77240588967,2022-04-26
2109,116167.77240588967,2022-04-27
2110,116167.77240588967,2022-04-28
2111,116167.77240588967,2022-04-29
2112,116167.77240588967,2022-05-02
2113,116167.77240588967,2022-05-03
2114,116167.77240588967,2022-05-04
2115,116167.77240588967,2022-05-05
2116,116167.77240588967,2022-05-06
2117,116167.77240588967,2022-05-09
2118,115253.56391373415,2022-05-10
2119,115253.56391373415,2022-05-11
2120,115253.56391373415,2022-05-12
2121,115253.56391373415,2022-05-13
2122,115253.56391373415,2022-05-16
2123,115253.56391373415,2022-05-17
2124,115253.56391373415,2022-05-18
2125,115253.56391373415,2022-05-19
2126,115253.56391373415,2022-05-20
2127,115253.56391373415,2022-05-23
2128,113459.77590524247,2022-05-24
2129,113459.77590524247,2022-05-25
2130,113459.77590524247,2022-05-26
2131,113459.77590524247,2022-05-27
2132,113459.77590524247,2022-05-31
2133,113459.77590524247,2022-06-01
2134,113459.77590524247,2022-06-02
2135,113459.77590524247,2022-06-03
2136,113459.77590524247,2022-06-06
2137,114431.24432434257,2022-06-07
2138,114431.24432434257,2022-06-08
2139,114431.24432434257,2022-06-09
2140,114431.24432434257,2022-06-10
2141,114431.24432434257,2022-06-13
2142,114431.24432434257,2022-06-14
2143,114431.24432434257,2022-06-15
2144,114431.24432434257,2022-06-16
2145,114431.24432434257,2022-06-17
2146,116329.18617588861,2022-06-21
2147,116329.18617588861,2022-06-22
2148,116329.18617588861,2022-06-23
2149,116329.18617588861,2022-06-24
2150,116329.18617588861,2022-06-27
2151,116329.18617588861,2022-06-28
2152,116329.18617588861,2022-06-29
2153,116329.18617588861,2022-06-30
2154,116329.18617588861,2022-07-01
2155,115223.6474014495,2022-07-05
2156,115223.6474014495,2022-07-06
2157,115223.6474014495,2022-07-07
2158,115223.6474014495,2022-07-08
2159,115223.6474014495,2022-07-11
2160,115223.6474014495,2022-07-12
2161,115223.6474014495,2022-07-13
2162,115223.6474014495,2022-07-14
2163,115223.6474014495,2022-07-15
2164,115223.6474014495,2022-07-18
2165,113615.24688659082,2022-07-19
2166,113615.24688659082,2022-07-20
2167,113615.24688659082,2022-07-21
2168,113615.24688659082,2022-07-22
2169,113615.24688659082,2022-07-25
2170,113615.24688659082,2022-07-26
2171,113615.24688659082,2022-07-27
2172,113615.24688659082,2022-07-28
2173,113615.24688659082,2022-07-29
2174,113615.24688659082,2022-08-01
2175,115221.94079584093,2022-08-02
2176,115221.94079584093,2022-08-03
2177,115221.94079584093,2022-08-04
2178,115221.94079584093,2022-08-05
2179,115221.94079584093,2022-08-08
2180,115221.94079584093,2022-08-09
2181,115221.94079584093,2022-08-10
2182,115221.94079584093,2022-08-11
2183,115221.94079584093,2022-08-12
2184,115221.94079584093,2022-08-15
2185,114644.13203079024,2022-08-16
2186,114644.13203079024,2022-08-17
2187,114644.13203079024,2022-08-18
2188,114644.13203079024,2022-08-19
2189,114644.13203079024,2022-08-22
2190,114644.13203079024,2022-08-23
2191,114644.13203079024,2022-08-24
2192,114644.13203079024,2022-08-25
2193,114644.13203079024,2022-08-26
2194,114644.13203079024,2022-08-29
2195,113604.15412340732,2022-08-30
2196,113604.15412340732,2022-08-31
2197,113604.15412340732,2022-09-01
2198,113604.15412340732,2022-09-02
2199,113604.15412340732,2022-09-06
2200,113604.15412340732,2022-09-07
2201,113604.15412340732,2022-09-08
2202,113604.15412340732,2022-09-09
2203,113604.15412340732,2022-09-12
2204,112607.1320143865,2022-09-13
2205,112607.1320143865,2022-09-14
2206,112607.1320143865,2022-09-15
2207,112607.1320143865,2022-09-16
2208,112607.1320143865,2022-09-19
2209,112607.1320143865,2022-09-20
2210,112607.1320143865,2022-09-21
2211,112607.1320143865,2022-09-22
2212,112607.1320143865,2022-09-23
2213,112607.1320143865,2022-09-26
2214,111296.36922423216,2022-09-27
2215,111296.36922423216,2022-09-28
2216,111296.36922423216,2022-09-29
2217,111296.36922423216,2022-09-30
2218,111296.36922423216,2022-10-03
2219,111296.36922423216,2022-10-04
2220,111296.36922423216,2022-10-05
2221,111296.36922423216,2022-10-06
2222,111296.36922423216,2022-10-07
2223,111296.36922423216,2022-10-10
2224,109921.30551380164,2022-10-11
2225,109921.30551380164,2022-10-12
2226,109921.30551380164,2022-10-13
2227,109921.30551380164,2022-10-14
2228,109921.30551380164,2022-10-17
2229,109921.30551380164,2022-10-18
2230,109921.30551380164,2022-10-19
2231,109921.30551380164,2022-10-20
2232,109921.30551380164,2022-10-21
2233,109921.30551380164,2022-10-24
2234,108455.57839114111,2022-10-25
2235,108455.57839114111,2022-10-25
2236,108057.2660961355,2022-10-26
2237,108057.2660961355,2022-10-27
2238,108057.2660961355,2022-10-28
2239,108057.2660961355,2022-10-31
2240,108057.2660961355,2022-11-01
2241,108057.2660961355,2022-11-02
2242,108057.2660961355,2022-11-03
2243,108057.2660961355,2022-11-04
2244,108057.2660961355,2022-11-07
2245,108057.2660961355,2022-11-08
2246,108376.06960179715,2022-11-09
2247,108376.06960179715,2022-11-10
2248,108376.06960179715,2022-11-11
2249,108376.06960179715,2022-11-14
2250,108376.06960179715,2022-11-15
2251,108376.06960179715,2022-11-16
2252,108376.06960179715,2022-11-17
2253,108376.06960179715,2022-11-18
2254,108376.06960179715,2022-11-21
2255,108376.06960179715,2022-11-22
2256,108236.46808854978,2022-11-23
2257,108236.46808854978,2022-11-25
2258,108236.46808854978,2022-11-28
2259,108236.46808854978,2022-11-29
2260,108236.46808854978,2022-11-30
2261,108236.46808854978,2022-12-01
2262,108236.46808854978,2022-12-02
2263,108236.46808854978,2022-12-05
2264,108236.46808854978,2022-12-06
2265,108917.83202462705,2022-12-07
2266,108917.83202462705,2022-12-08
2267,108917.83202462705,2022-12-09
2268,108917.83202462705,2022-12-12
2269,108917.83202462705,2022-12-13
2270,108917.83202462705,2022-12-14
2271,108917.83202462705,2022-12-15
2272,108917.83202462705,2022-12-16
2273,108917.83202462705,2022-12-19
2274,108917.83202462705,2022-12-20
2275,108164.60505630377,2022-12-21
2276,108164.60505630377,2022-12-22
2277,108164.60505630377,2022-12-23
2278,108164.60505630377,2022-12-27
2279,108597.70507115338,2022-12-28
